,,,,,,,,,,,,,,,,,,,,,,,,,,,,,,,,,,,,,,,,,,,,,,,,,,,,,,,,,,,,,,,,,,,,,,,,,,,,,,,,,,,,,,,,,,,,,,,,,,,,,,,,,,,,,,,,,,,,,
,,,,,,,,,,,,,,,,,,,,,,,,,,,,,,,,,,,,,,,,,,,,,,,,,,,,,,,,,,,,,,,,,,,,,,,,,,,,,,,,,,,,,,,,,,,,,,,,,,,,,,,,,,,,,,,,,,,,,
,,,,,,,,,,,,,,,,,,,,,,,,,,,,,,,,,,,,,,,,,,,,,,,,,,,,,,,,,,,,,,,,,,,,,,,,,,,,,,,,,,,,,,,,,,,,,,,,,,,,,,,,,,,,,,,,,,,,,
,,,,,,,,,,,,,,,,,,,,,,,,,,,,,,,,,,,,,,,,,,,,,,,,,,,,,,,,,,,,,,,,,,,,,,,,,,,,,,,,,,,,,,,,,,,,,,,,,,,,,,,,,,,,,,,,,,,,,
,,,,,,,,,,,,,,,,,,,,,,,,,,,,,,,,,,,,,,,,,,,,,,,,,,,,,,,,,,,,,,,,,,,,,,,,,,,,,,,,,,,,,,,,,,,,,,,,,,,,,,,,,,,,,,,,,,,,,
,,,,,,,,,,,,,,,,,,,,,,,,,,,,,,,,,,,,,,,,,,,,,,,,,,,,,,,,,,,,,,,,,,,,,,,,,,,,,,,,,,,,,,,,,,,,,,,,,,,,,,,,,,,,,,,,,,,,,
,,,,,,,,,,,,,,,,,,,,,,,,,,,,,,,,,,,,,,,,,,,,,,,,,,,,,,,,,,,,,,,,,,,,,,,,,,,,,,,,,,,,,,,,,,,,,,,,,,,,,,,,,,,,,,,,,,,,,
,,,,,,,,,,,,,,,,,,,,,,,,,,,,,,,,,,,,,,,,,,,,,,,,,,,,,,,,,,,,,,,,,,,,,,,,,,,,,,,,,,,,,,,,,,,,,,,,,,,,,,,,,,,,,,,,,,,,,
,,,,,,,,,,,,,,,,,,,,,,,,,,,,,,,,,,,,,,,,,,,,,,,,,,,,,,,,,,,,,,,,,,,,,,,,,,,,,,,,,,,,,,,,,,,,,,,,,,,,,,,,,,,,,,,,,,,,,
,,,,,,,,,,,,,,,,,,,,,,,,,,,,,,,,,,,,,,,,,,,,,,,,,,,,,,,,,,,,,,,,,,,,,,,,,,,,,,,,,,,,,,,,,,,,,,,,,,,,,,,,,,,,,,,,,,,,,
,,,,,,,,,,,,,,,,,,,,,,,,,,,,,,,,,,,,,,,,,,,,,,,,,,,,,,,,,,,,,,,,,,,,,,,,,,,,,,,,,,,,,,,,,,,,,,,,,,,,,,,,,,,,,,,,,,,,,
,,,,,,,,,,,,,,,,,,,,,,,,,,,,,,,,,,,,,,,,,,,,,,,,,,,,,,,,,,,,,,,,,,,,,,,,,,,,,,,,,,,,,,,,,,,,,,,,,,,,,,,,,,,,,,,,,,,,,
,,,,,,,,,,,,,,,,,,,,,,,,,,,,,,,,,,,,,,,,,,,,,,,,,,,,,,,,,,,,,,,,,,,,,,,,,,,,,,,,,,,,,,,,,,,,,,,,,,,,,,,,,,,,,,,,,,,,,
,,,,,,,,,,,,,,,,,,,,,,,,,,,,,,,,,,,,,,,,,,,,,,,,,,,,,,,,,,,,,,,,,,,,,,,,,,,,,,,,,,,,,,,,,,,,,,,,,,,,,,,,,,,,,,,,,,,,,
,,,,,,,,,,,,,,,,,,,,,,,,,,,,,,,,,,,,,,,,,,,,,,,,,,,,,,,,,,,,,,,,,,,,,,,,,,,,,,,,,,,,,,,,,,,,,,,,,,,,,,,,,,,,,,,,,,,,,
,,,,,,,,,,,,,,,,,,,,,,,,,,,,,,,,,,,,,,,,,,,,,,,,,,,,,,,,,,,,,,,,,,,,,,,,,,,,,,,,,,,,,,,,,,,,,,,,,,,,,,,,,,,,,,,,,,,,,
,,,,,,,,,,,,,,,,,,,,,,,,,,,,,,,,,,,,,,,,,,,,,,,,,,,,,,,,,,,,,,,,,,,,,,,,,,,,,,,,,,,,,,,,,,,,,,,,,,,,,,,,,,,,,,,,,,,,,
,,,,,,,,,,,,,,,,,,,,,,,,,,,,,,,,,,,,,,,,,,,,,,,,,,,,,,,,,,,,,,,,,,,,,,,,,,,,,,,,,,,,,,,,,,,,,,,,,,,,,,,,,,,,,,,,,,,,,
,,,,,,,,,,,,,,,,,,,,,,,,,,,,,,,,,,,,,,,,,,,,,,,,,,,,,,,,,,,,,,,,,,,,,,,,,,,,,,,,,,,,,,,,,,,,,,,,,,,,,,,,,,,,,,,,,,,,,
,,,,,,,,,,,,,,,,,,,,,,,,,,,,,,,,,,,,,,,,,,,,,,,,,,,,,,,,,,,,,,,,,,,,,,,,,,,,,,,,,,,,,,,,,,,,,,,,,,,,,,,,,,,,,,,,,,,,,
,,,,,,,,,,,,,,,,,,,,,,,,,,,,,,,,,,,,,,,,,,,,,,,,,,,,,,,,,,,,,,,,,,,,,,,,,,,,,,,,,,,,,,,,,,,,,,,,,,,,,,,,,,,,,,,,,,,,,
,,,,,,,,,,,,,,,,,,,,,,,,,,,,,,,,,,,,,,,,,,,,,,,,,,,,,,,,,,,,,,,,,,,,,,,,,,,,,,,,,,,,,,,,,,,,,,,,,,,,,,,,,,,,,,,,,,,,,
,,,,,,,,,,,,,,,,,,,,,,,,,,,,,,,,,,,,,,,,,,,,,,,,,,,,,,,,,,,,,,,,,,,,,,,,,,,,,,,,,,,,,,,,,,,,,,,,,,,,,,,,,,,,,,,,,,,,,
,,,,,,,,,,,,,,,,,,,,,,,,,,,,,,,,,,,,,,,,,,,,,,,,,,,,,,,,,,,,,,,,,,,,,,,,,,,,,,,,,,,,,,,,,,,,,,,,,,,,,,,,,,,,,,,,,,,,,
,,,,,,,,,,,,,,,,,,,,,,,,,,,,,,,,,,,,,,,,,,,,,,,,,,,,,,,,,,,,,,,,,,,,,,,,,,,,,,,,,,,,,,,,,,,,,,,,,,,,,,,,,,,,,,,,,,,,,
,,,,,,,,,,,,,,,,,,,,,,,,,,,,,,,,,,,,,,,,,,,,,,,,,,,,,,,,,,,,,,,,,,,,,,,,,,,,,,,,,,,,,,,,,,,,,,,,,,,,,,,,,,,,,,,,,,,,,
,,,,,,,,,,,,,,,,,,,,,,,,,,,,,,,,,,,,,,,,,,,,,,,,,,,,,,,,,,,,,,,,,,,,,,,,,,,,,,,,,,,,,,,,,,,,,,,,,,,,,,,,,,,,,,,,,,,,,
,,,,,,,,,,,,,,,,,,,,,,,,,,,,,,,,,,,,,,,,,,,,,,,,,,,,,,,,,,,,,,,,,,,,,,,,,,,,,,,,,,,,,,,,,,,,,,,,,,,,,,,,,,,,,,,,,,,,,
,,,,,,,,,,,,,,,,,,,,,,,,,,,,,,,,,,,,,,,,,,,,,,,,,,,,,,,,,,,,,,,,,,,,,,,,,,,,,,,,,,,,,,,,,,,,,,,,,,,,,,,,,,,,,,,,,,,,,
,,,,,,,,,,,,,,,,,,,,,,,,,,,,,,,,,,,,,,,,,,,,,,,,,,,,,,,,,,,,,,,,,,,,,,,,,,,,,,,,,,,,,,,,,,,,,,,,,,,,,,,,,,,,,,,,,,,,,
,,,,,,,,,,,,,,,,,,,,,,,,,,,,,,,,,,,,,,,,,,,,,,,,,,,,,,,,,,,,,,,,,,,,,,,,,,,,,,,,,,,,,,,,,,,,,,,,,,,,,,,,,,,,,,,,,,,,,
,,,,,,,,,,,,,,,,,,,,,,,,,,,,,,,,,,,,,,,,,,,,,,,,,,,,,,,,,,,,,,,,,,,,,,,,,,,,,,,,,,,,,,,,,,,,,,,,,,,,,,,,,,,,,,,,,,,,,
,,,,,,,,,,,,,,,,,,,,,,,,,,,,,,,,,,,,,,,,,,,,,,,,,,,,,,,,,,,,,,,,,,,,,,,,,,,,,,,,,,,,,,,,,,,,,,,,,,,,,,,,,,,,,,,,,,,,,
,,,,,,,,,,,,,,,,,,,,,,,,,,,,,,,,,,,,,,,,,,,,,,,,,,,,,,,,,,,,,,,,,,,,,,,,,,,,,,,,,,,,,,,,,,,,,,,,,,,,,,,,,,,,,,,,,,,,,
,,,,,,,,,,,,,,,,,,,,,,,,,,,,,,,,,,,,,,,,,,,,,,,,,,,,,,,,,,,,,,,,,,,,,,,,,,,,,,,,,,,,,,,,,,,,,,,,,,,,,,,,,,,,,,,,,,,,,
,,,,,,,,,,,,,,,,,,,,,,,,,,,,,,,,,,,,,,,,,,,,,,,,,,,,,,,,,,,,,,,,,,,,,,,,,,,,,,,,,,,,,,,,,,,,,,,,,,,,,,,,,,,,,,,,,,,,,
,,,,,,,,,,,,,,,,,,,,,,,,,,,,,,,,,,,,,,,,,,,,,,,,,,,,,,,,,,,,,,,,,,,,,,,,,,,,,,,,,,,,,,,,,,,,,,,,,,,,,,,,,,,,,,,,,,,,,
,,,,,,,,,,,,,,,,,,,,,,,,,,,,,,,,,,,,,,,,,,,,,,,,,,,,,,,,,,,,,,,,,,,,,,,,,,,,,,,,,,,,,,,,,,,,,,,,,,,,,,,,,,,,,,,,,,,,,
,,,,,,,,,,,,,,,,,,,,,,,,,,,,,,,,,,,,,,,,,,,,,,,,,,,,,,,,,,,,,,,,,,,,,,,,,,,,,,,,,,,,,,,,,,,,,,,,,,,,,,,,,,,,,,,,,,,,,
,,,,,,,,,,,,,,,,,,,,,,,,,,,,,,,,,,,,,,,,,,,,,,,,,,,,,,,,,,,,,,,,,,,,,,,,,,,,,,,,,,,,,,,,,,,,,,,,,,,,,,,,,,,,,,,,,,,,,
,,,,,,,,,,,,,,,,,,,,,,,,,,,,,,,,,,,,,,,,,,,,,,,,,,,,,,,,,,,,,,,,,,,,,,,,,,,,,,,,,,,,,,,,,,,,,,,,,,,,,,,,,,,,,,,,,,,,,
,,,,,,,,,,,,,,,,,,,,,,,,,,,,,,,,,,,,,,,,,,,,,,,,,,,,,,,,,,,,,,,,,,,,,,,,,,,,,,,,,,,,,,,,,,,,,,,,,,,,,,,,,,,,,,,,,,,,,
,,,,,,,,,,,,,,,,,,,,,,,,,,,,,,,,,,,,,,,,,,,,,,,,,,,,,,,,,,,,,,,,,,,,,,,,,,,,,,,,,,,,,,,,,,,,,,,,,,,,,,,,,,,,,,,,,,,,,
,,,,,,,,,,,,,,,,,,,,,,,,,,,,,,,,,,,,,,,,,,,,,,,,,,,,,,,,,,,,,,,,,,,,,,,,,,,,,,,,,,,,,,,,,,,,,,,,,,,,,,,,,,,,,,,,,,,,,
,,,,,,,,,,,,,,,,,,,,,,,,,,,,,,,,,,,,,,,,,,,,,,,,,,,,,,,,,,,,,,,,,,,,,,,,,,,,,,,,,,,,,,,,,,,,,,,,,,,,,,,,,,,,,,,,,,,,,
,,,,,,,,,,,,,,,,,,,,,,,,,,,,,,,,,,,,,,,,,,,,,,,,,,,,,,,,,,,,,,,,,,,,,,,,,,,,,,,,,,,,,,,,,,,,,,,,,,,,,,,,,,,,,,,,,,,,,
,,,,,,,,,,,,,,,,,,,,,,,,,,,,,,,,,,,,,,,,,,,,,,,,,,,,,,,,,,,,,,,,,,,,,,,,,,,,,,,,,,,,,,,,,,,,,,,,,,,,,,,,,,,,,,,,,,,,,
,,,,,,,,,,,,,,,,,,,,,,,,,,,,,,,,,,,,,,,,,,,,,,,,,,,,,,,,,,,,,,,,,,,,,,,,,,,,,,,,,,,,,,,,,,,,,,,,,,,,,,,,,,,,,,,,,,,,,
,,,,,,,,,,,,,,,,,,,,,,,,,,,,,,,,,,,,,,,,,,,,,,,,,,,,,,,,,,,,,,,,,,,,,,,,,,,,,,,,,,,,,,,,,,,,,,,,,,,,,,,,,,,,,,,,,,,,,
,,,,,,,,,,,,,,,,,,,,,,,,,,,,,,,,,,,,,,,,,,,,,,,,,,,,,,,,,,,,,,,,,,,,,,,,,,,,,,,,,,,,,,,,,,,,,,,,,,,,,,,,,,,,,,,,,,,,,
,,,,,,,,,,,,,,,,,,,,,,,,,,,,,,,,,,,,,,,,,,,,,,,,,,,,,,,,,,,,,,,,,,,,,,,,,,,,,,,,,,,,,,,,,,,,,,,,,,,,,,,,,,,,,,,,,,,,,
,,,,,,,,,,,,,,,,,,,,,,,,,,,,,,,,,,,,,,,,,,,,,,,,,,,,,,,,,,,,,,,,,,,,,,,,,,,,,,,,,,,,,,,,,,,,,,,,,,,,,,,,,,,,,,,,,,,,,
,,,,,,,,,,,,,,,,,,,,,,,,,,,,,,,,,,,,,,,,,,,,,,,,,,,,,,,,,,,,,,,,,,,,,,,,,,,,,,,,,,,,,,,,,,,,,,,,,,,,,,,,,,,,,,,,,,,,,
,,,,,,,,,,,,,,,,,,,,,,,,,,,,,,,,,,,,,,,,,,,,,,,,,,,,,,,,,,,,,,,,,,,,,,,,,,,,,,,,,,,,,,,,,,,,,,,,,,,,,,,,,,,,,,,,,,,,,
,,,,,,,,,,,,,,,,,,,,,,,,,,,,,,,,,,,,,,,,,,,,,,,,,,,,,,,,,,,,,,,,,,,,,,,,,,,,,,,,,,,,,,,,,,,,,,,,,,,,,,,,,,,,,,,,,,,,,
,,,,,,,,,,,,,,,,,,,,,,,,,,,,,,,,,,,,,,,,,,,,,,,,,,,,,,,,,,,,,,,,,,,,,,,,,,,,,,,,,,,,,,,,,,,,,,,,,,,,,,,,,,,,,,,,,,,,,
,,,,,,,,,,,,,,,,,,,,,,,,,,,,,,,,,,,,,,,,,,,,,,,,,,,,,,,,,,,,,,,,,,,,,,,,,,,,,,,,,,,,,,,,,,,,,,,,,,,,,,,,,,,,,,,,,,,,,
,,,,,,,,,,,,,,,,,,,,,,,,,,,,,,,,,,,,,,,,,,,,,,,,,,,,,,,,,,,,,,,,,,,,,,,,,,,,,,,,,,,,,,,,,,,,,,,,,,,,,,,,,,,,,,,,,,,,,
,,,,,,,,,,,,,,,,,,,,,,,,,,,,,,,,,,,,,,,,,,,,,,,,,,,,,,,,,,,,,,,,,,,,,,,,,,,,,,,,,,,,,,,,,,,,,,,,,,,,,,,,,,,,,,,,,,,,,
,,,,,,,,,,,,,,,,,,,,,,,,,,,,,,,,,,,,,,,,,,,,,,,,,,,,,,,,,,,,,,,,,,,,,,,,,,,,,,,,,,,,,,,,,,,,,,,,,,,,,,,,,,,,,,,,,,,,,
,,,,,,,,,,,,,,,,,,,,,,,,,,,,,,,,,,,,,,,,,,,,,,,,,,,,,,,,,,,,,,,,,,,,,,,,,,,,,,,,,,,,,,,,,,,,,,,,,,,,,,,,,,,,,,,,,,,,,
,,,,,,,,,,,,,,,,,,,,,,,,,,,,,,,,,,,,,,,,,,,,,,,,,,,,,,,,,,,,,,,,,,,,,,,,,,,,,,,,,,,,,,,,,,,,,,,,,,,,,,,,,,,,,,,,,,,,,
,,,,,,,,,,,,,,,,,,,,,,,,,,,,,,,,,,,,,,,,,,,,,,,,,,,,,,,,,,,,,,,,,,,,,,,,,,,,,,,,,,,,,,,,,,,,,,,,,,,,,,,,,,,,,,,,,,,,,
,,,,,,,,,,,,,,,,,,,,,,,,,,,,,,,,,,,,,,,,,,,,,,,,,,,,,,,,,,,,,,,,,,,,,,,,,,,,,,,,,,,,,,,,,,,,,,,,,,,,,,,,,,,,,,,,,,,,,
,,,,,,,,,,,,,,,,,,,,,,,,,,,,,,,,,,,,,,,,,,,,,,,,,,,,,,,,,,,,,,,,,,,,,,,,,,,,,,,,,,,,,,,,,,,,,,,,,,,,,,,,,,,,,,,,,,,,,
,,,,,,,,,,,,,,,,,,,,,,,,,,,,,,,,,,,,,,,,,,,,,,,,,,,,,,,,,,,,,,,,,,,,,,,,,,,,,,,,,,,,,,,,,,,,,,,,,,,,,,,,,,,,,,,,,,,,,
,,,,,,,,,,,,,,,,,,,,,,,,,,,,,,,,,,,,,,,,,,,,,,,,,,,,,,,,,,,,,,,,,,,,,,,,,,,,,,,,,,,,,,,,,,,,,,,,,,,,,,,,,,,,,,,,,,,,,
,,,,,,,,,,,,,,,,,,,,,,,,,,,,,,,,,,,,,,,,,,,,,,,,,,,,,,,,,,,,,,,,,,,,,,,,,,,,,,,,,,,,,,,,,,,,,,,,,,,,,,,,,,,,,,,,,,,,,
,,,,,,,,,,,,,,,,,,,,,,,,,,,,,,,,,,,,,,,,,,,,,,,,,,,,,,,,,,,,,,,,,,,,,,,,,,,,,,,,,,,,,,,,,,,,,,,,,,,,,,,,,,,,,,,,,,,,,
,,,,,,,,,,,,,,,,,,,,,,,,,,,,,,,,,,,,,,,,,,,,,,,,,,,,,,,,,,,,,,,,,,,,,,,,,,,,,,,,,,,,,,,,,,,,,,,,,,,,,,,,,,,,,,,,,,,,,
,,,,,,,,,,,,,,,,,,,,,,,,,,,,,,,,,,,,,,,,,,,,,,,,,,,,,,,,,,,,,,,,,,,,,,,,,,,,,,,,,,,,,,,,,,,,,,,,,,,,,,,,,,,,,,,,,,,,,
,,,,,,,,,,,,,,,,,,,,,,,,,,,,,,,,,,,,,,,,,,,,,,,,,,,,,,,,,,,,,,,,,,,,,,,,,,,,,,,,,,,,,,,,,,,,,,,,,,,,,,,,,,,,,,,,,,,,,
,,,,,,,,,,,,,,,,,,,,,,,,,,,,,,,,,,,,,,,,,,,,,,,,,,,,,,,,,,,,,,,,,,,,,,,,,,,,,,,,,,,,,,,,,,,,,,,,,,,,,,,,,,,,,,,,,,,,,
,,,,,,,,,,,,,,,,,,,,,,,,,,,,,,,,,,,,,,,,,,,,,,,,,,,,,,,,,,,,,,,,,,,,,,,,,,,,,,,,,,,,,,,,,,,,,,,,,,,,,,,,,,,,,,,,,,,,,
,,,,,,,,,,,,,,,,,,,,,,,,,,,,,,,,,,,,,,,,,,,,,,,,,,,,,,,,,,,,,,,,,,,,,,,,,,,,,,,,,,,,,,,,,,,,,,,,,,,,,,,,,,,,,,,,,,,,,
,,,,,,,,,,,,,,,,,,,,,,,,,,,,,,,,,,,,,,,,,,,,,,,,,,,,,,,,,,,,,,,,,,,,,,,,,,,,,,,,,,,,,,,,,,,,,,,,,,,,,,,,,,,,,,,,,,,,,
,,,,,,,,,,,,,,,,,,,,,,,,,,,,,,,,,,,,,,,,,,,,,,,,,,,,,,,,,,,,,,,,,,,,,,,,,,,,,,,,,,,,,,,,,,,,,,,,,,,,,,,,,,,,,,,,,,,,,
,,,,,,,,,,,,,,,,,,,,,,,,,,,,,,,,,,,,,,,,,,,,,,,,,,,,,,,,,,,,,,,,,,,,,,,,,,,,,,,,,,,,,,,,,,,,,,,,,,,,,,,,,,,,,,,,,,,,,
,,,,,,,,,,,,,,,,,,,,,,,,,,,,,,,,,,,,,,,,,,,,,,,,,,,,,,,,,,,,,,,,,,,,,,,,,,,,,,,,,,,,,,,,,,,,,,,,,,,,,,,,,,,,,,,,,,,,,
,,,,,,,,,,,,,,,,,,,,,,,,,,,,,,,,,,,,,,,,,,,,,,,,,,,,,,,,,,,,,,,,,,,,,,,,,,,,,,,,,,,,,,,,,,,,,,,,,,,,,,,,,,,,,,,,,,,,,
,,,,,,,,,,,,,,,,,,,,,,,,,,,,,,,,,,,,,,,,,,,,,,,,,,,,,,,,,,,,,,,,,,,,,,,,,,,,,,,,,,,,,,,,,,,,,,,,,,,,,,,,,,,,,,,,,,,,,
,,,,,,,,,,,,,,,,,,,,,,,,,,,,,,,,,,,,,,,,,,,,,,,,,,,,,,,,,,,,,,,,,,,,,,,,,,,,,,,,,,,,,,,,,,,,,,,,,,,,,,,,,,,,,,,,,,,,,
,,,,,,,,,,,,,,,,,,,,,,,,,,,,,,,,,,,,,,,,,,,,,,,,,,,,,,,,,,,,,,,,,,,,,,,,,,,,,,,,,,,,,,,,,,,,,,,,,,,,,,,,,,,,,,,,,,,,,
,,,,,,,,,,,,,,,,,,,,,,,,,,,,,,,,,,,,,,,,,,,,,,,,,,,,,,,,,,,,,,,,,,,,,,,,,,,,,,,,,,,,,,,,,,,,,,,,,,,,,,,,,,,,,,,,,,,,,
,,,,,,,,,,,,,,,,,,,,,,,,,,,,,,,,,,,,,,,,,,,,,,,,,,,,,,,,,,,,,,,,,,,,,,,,,,,,,,,,,,,,,,,,,,,,,,,,,,,,,,,,,,,,,,,,,,,,,
,,,,,,,,,,,,,,,,,,,,,,,,,,,,,,,,,,,,,,,,,,,,,,,,,,,,,,,,,,,,,,,,,,,,,,,,,,,,,,,,,,,,,,,,,,,,,,,,,,,,,,,,,,,,,,,,,,,,,
,,,,,,,,,,,,,,,,,,,,,,,,,,,,,,,,,,,,,,,,,,,,,,,,,,,,,,,,,,,,,,,,,,,,,,,,,,,,,,,,,,,,,,,,,,,,,,,,,,,,,,,,,,,,,,,,,,,,,
,,,,,,,,,,,,,,,,,,,,,,,,,,,,,,,,,,,,,,,,,,,,,,,,,,,,,,,,,,,,,,,,,,,,,,,,,,,,,,,,,,,,,,,,,,,,,,,,,,,,,,,,,,,,,,,,,,,,,
,,,,,,,,,,,,,,,,,,,,,,,,,,,,,,,,,,,,,,,,,,,,,,,,,,,,,,,,,,,,,,,,,,,,,,,,,,,,,,,,,,,,,,,,,,,,,,,,,,,,,,,,,,,,,,,,,,,,,
,,,,,,,,,,,,,,,,,,,,,,,,,,,,,,,,,,,,,,,,,,,,,,,,,,,,,,,,,,,,,,,,,,,,,,,,,,,,,,,,,,,,,,,,,,,,,,,,,,,,,,,,,,,,,,,,,,,,,
,,,,,,,,,,,,,,,,,,,,,,,,,,,,,,,,,,,,,,,,,,,,,,,,,,,,,,,,,,,,,,,,,,,,,,,,,,,,,,,,,,,,,,,,,,,,,,,,,,,,,,,,,,,,,,,,,,,,,
,,,,,,,,,,,,,,,,,,,,,,,,,,,,,,,,,,,,,,,,,,,,,,,,,,,,,,,,,,,,,,,,,,,,,,,,,,,,,,,,,,,,,,,,,,,,,,,,,,,,,,,,,,,,,,,,,,,,,
,,,,,,,,,,,,,,,,,,,,,,,,,,,,,,,,,,,,,,,,,,,,,,,,,,,,,,,,,,,,,,,,,,,,,,,,,,,,,,,,,,,,,,,,,,,,,,,,,,,,,,,,,,,,,,,,,,,,,
,,,,,,,,,,,,,,,,,,,,,,,,,,,,,,,,,,,,,,,,,,,,,,,,,,,,,,,,,,,,,,,,,,,,,,,,,,,,,,,,,,,,,,,,,,,,,,,,,,,,,,,,,,,,,,,,,,,,,
,,,,,,,,,,,,,,,,,,,,,,,,,,,,,,,,,,,,,,,,,,,,,,,,,,,,,,,,,,,,,,,,,,,,,,,,,,,,,,,,,,,,,,,,,,,,,,,,,,,,,,,,,,,,,,,,,,,,,
,,,,,,,,,,,,,,,,,,,,,,,,,,,,,,,,,,,,,,,,,,,,,,,,,,,,,,,,,,,,,,,,,,,,,,,,,,,,,,,,,,,,,,,,,,,,,,,,,,,,,,,,,,,,,,,,,,,,,
,,,,,,,,,,,,,,,,,,,,,,,,,,,,,,,,,,,,,,,,,,,,,,,,,,,,,,,,,,,,,,,,,,,,,,,,,,,,,,,,,,,,,,,,,,,,,,,,,,,,,,,,,,,,,,,,,,,,,
,,,,,,,,,,,,,,,,,,,,,,,,,,,,,,,,,,,,,,,,,,,,,,,,,,,,,,,,,,,,,,,,,,,,,,,,,,,,,,,,,,,,,,,,,,,,,,,,,,,,,,,,,,,,,,,,,,,,,
,,,,,,,,,,,,,,,,,,,,,,,,,,,,,,,,,,,,,,,,,,,,,,,,,,,,,,,,,,,,,,,,,,,,,,,,,,,,,,,,,,,,,,,,,,,,,,,,,,,,,,,,,,,,,,,,,,,,,
,,,,,,,,,,,,,,,,,,,,,,,,,,,,,,,,,,,,,,,,,,,,,,,,,,,,,,,,,,,,,,,,,,,,,,,,,,,,,,,,,,,,,,,,,,,,,,,,,,,,,,,,,,,,,,,,,,,,,
,,,,,,,,,,,,,,,,,,,,,,,,,,,,,,,,,,,,,,,,,,,,,,,,,,,,,,,,,,,,,,,,,,,,,,,,,,,,,,,,,,,,,,,,,,,,,,,,,,,,,,,,,,,,,,,,,,,,,
,,,,,,,,,,,,,,,,,,,,,,,,,,,,,,,,,,,,,,,,,,,,,,,,,,,,,,,,,,,,,,,,,,,,,,,,,,,,,,,,,,,,,,,,,,,,,,,,,,,,,,,,,,,,,,,,,,,,,
,,,,,,,,,,,,,,,,,,,,,,,,,,,,,,,,,,,,,,,,,,,,,,,,,,,,,,,,,,,,,,,,,,,,,,,,,,,,,,,,,,,,,,,,,,,,,,,,,,,,,,,,,,,,,,,,,,,,,
,,,,,,,,,,,,,,,,,,,,,,,,,,,,,,,,,,,,,,,,,,,,,,,,,,,,,,,,,,,,,,,,,,,,,,,,,,,,,,,,,,,,,,,,,,,,,,,,,,,,,,,,,,,,,,,,,,,,,
,,,,,,,,,,,,,,,,,,,,,,,,,,,,,,,,,,,,,,,,,,,,,,,,,,,,,,,,,,,,,,,,,,,,,,,,,,,,,,,,,,,,,,,,,,,,,,,,,,,,,,,,,,,,,,,,,,,,,
,,,,,,,,,,,,,,,,,,,,,,,,,,,,,,,,,,,,,,,,,,,,,,,,,,,,,,,,,,,,,,,,,,,,,,,,,,,,,,,,,,,,,,,,,,,,,,,,,,,,,,,,,,,,,,,,,,,,,
,,,,,,,,,,,,,,,,,,,,,,,,,,,,,,,,,,,,,,,,,,,,,,,,,,,,,,,,,,,,,,,,,,,,,,,,,,,,,,,,,,,,,,,,,,,,,,,,,,,,,,,,,,,,,,,,,,,,,
,,,,,,,,,,,,,,,,,,,,,,,,,,,,,,,,,,,,,,,,,,,,,,,,,,,,,,,,,,,,,,,,,,,,,,,,,,,,,,,,,,,,,,,,,,,,,,,,,,,,,,,,,,,,,,,,,,,,,
,,,,,,,,,,,,,,,,,,,,,,,,,,,,,,,,,,,,,,,,,,,,,,,,,,,,,,,,,,,,,,,,,,,,,,,,,,,,,,,,,,,,,,,,,,,,,,,,,,,,,,,,,,,,,,,,,,,,,
,,,,,,,,,,,,,,,,,,,,,,,,,,,,,,,,,,,,,,,,,,,,,,,,,,,,,,,,,,,,,,,,,,,,,,,,,,,,,,,,,,,,,,,,,,,,,,,,,,,,,,,,,,,,,,,,,,,,,
,,,,,,,,,,,,,,,,,,,,,,,,,,,,,,,,,,,,,,,,,,,,,,,,,,,,,,,,,,,,,,,,,,,,,,,,,,,,,,,,,,,,,,,,,,,,,,,,,,,,,,,,,,,,,,,,,,,,,
,,,,,,,,,,,,,,,,,,,,,,,,,,,,,,,,,,,,,,,,,,,,,,,,,,,,,,,,,,,,,,,,,,,,,,,,,,,,,,,,,,,,,,,,,,,,,,,,,,,,,,,,,,,,,,,,,,,,,
,,,,,,,,,,,,,,,,,,,,,,,,,,,,,,,,,,,,,,,,,,,,,,,,,,,,,,,,,,,,,,,,,,,,,,,,,,,,,,,,,,,,,,,,,,,,,,,,,,,,,,,,,,,,,,,,,,,,,
,,,,,,,,,,,,,,,,,,,,,,,,,,,,,,,,,,,,,,,,,,,,,,,,,,,,,,,,,,,,,,,,,,,,,,,,,,,,,,,,,,,,,,,,,,,,,,,,,,,,,,,,,,,,,,,,,,,,,
,,,,,,,,,,,,,,,,,,,,,,,,,,,,,,,,,,,,,,,,,,,,,,,,,,,,,,,,,,,,,,,,,,,,,,,,,,,,,,,,,,,,,,,,,,,,,,,,,,,,,,,,,,,,,,,,,,,,,
,,,,,,,,,,,,,,,,,,,,,,,,,,,,,,,,,,,,,,,,,,,,,,,,,,,,,,,,,,,,,,,,,,,,,,,,,,,,,,,,,,,,,,,,,,,,,,,,,,,,,,,,,,,,,,,,,,,,,
,,,,,,,,,,,,,,,,,,,,,,,,,,,,,,,,,,,,,,,,,,,,,,,,,,,,,,,,,,,,,,,,,,,,,,,,,,,,,,,,,,,,,,,,,,,,,,,,,,,,,,,,,,,,,,,,,,,,,
,,,,,,,,,,,,,,,,,,,,,,,,,,,,,,,,,,,,,,,,,,,,,,,,,,,,,,,,,,,,,,,,,,,,,,,,,,,,,,,,,,,,,,,,,,,,,,,,,,,,,,,,,,,,,,,,,,,,,
,,,,,,,,,,,,,,,,,,,,,,,,,,,,,,,,,,,,,,,,,,,,,,,,,,,,,,,,,,,,,,,,,,,,,,,,,,,,,,,,,,,,,,,,,,,,,,,,,,,,,,,,,,,,,,,,,,,,,
,,,,,,,,,,,,,,,,,,,,,,,,,,,,,,,,,,,,,,,,,,,,,,,,,,,,,,,,,,,,,,,,,,,,,,,,,,,,,,,,,,,,,,,,,,,,,,,,,,,,,,,,,,,,,,,,,,,,,
,,,,,,,,,,,,,,,,,,,,,,,,,,,,,,,,,,,,,,,,,,,,,,,,,,,,,,,,,,,,,,,,,,,,,,,,,,,,,,,,,,,,,,,,,,,,,,,,,,,,,,,,,,,,,,,,,,,,,
,,,,,,,,,,,,,,,,,,,,,,,,,,,,,,,,,,,,,,,,,,,,,,,,,,,,,,,,,,,,,,,,,,,,,,,,,,,,,,,,,,,,,,,,,,,,,,,,,,,,,,,,,,,,,,,,,,,,,
,,,,,,,,,,,,,,,,,,,,,,,,,,,,,,,,,,,,,,,,,,,,,,,,,,,,,,,,,,,,,,,,,,,,,,,,,,,,,,,,,,,,,,,,,,,,,,,,,,,,,,,,,,,,,,,,,,,,,
,,,,,,,,,,,,,,,,,,,,,,,,,,,,,,,,,,,,,,,,,,,,,,,,,,,,,,,,,,,,,,,,,,,,,,,,,,,,,,,,,,,,,,,,,,,,,,,,,,,,,,,,,,,,,,,,,,,,,
,,,,,,,,,,,,,,,,,,,,,,,,,,,,,,,,,,,,,,,,,,,,,,,,,,,,,,,,,,,,,,,,,,,,,,,,,,,,,,,,,,,,,,,,,,,,,,,,,,,,,,,,,,,,,,,,,,,,,
,,,,,,,,,,,,,,,,,,,,,,,,,,,,,,,,,,,,,,,,,,,,,,,,,,,,,,,,,,,,,,,,,,,,,,,,,,,,,,,,,,,,,,,,,,,,,,,,,,,,,,,,,,,,,,,,,,,,,
,,,,,,,,,,,,,,,,,,,,,,,,,,,,,,,,,,,,,,,,,,,,,,,,,,,,,,,,,,,,,,,,,,,,,,,,,,,,,,,,,,,,,,,,,,,,,,,,,,,,,,,,,,,,,,,,,,,,,
,,,,,,,,,,,,,,,,,,,,,,,,,,,,,,,,,,,,,,,,,,,,,,,,,,,,,,,,,,,,,,,,,,,,,,,,,,,,,,,,,,,,,,,,,,,,,,,,,,,,,,,,,,,,,,,,,,,,,
,,,,,,,,,,,,,,,,,,,,,,,,,,,,,,,,,,,,,,,,,,,,,,,,,,,,,,,,,,,,,,,,,,,,,,,,,,,,,,,,,,,,,,,,,,,,,,,,,,,,,,,,,,,,,,,,,,,,,
,,,,,,,,,,,,,,,,,,,,,,,,,,,,,,,,,,,,,,,,,,,,,,,,,,,,,,,,,,,,,,,,,,,,,,,,,,,,,,,,,,,,,,,,,,,,,,,,,,,,,,,,,,,,,,,,,,,,,
,,,,,,,,,,,,,,,,,,,,,,,,,,,,,,,,,,,,,,,,,,,,,,,,,,,,,,,,,,,,,,,,,,,,,,,,,,,,,,,,,,,,,,,,,,,,,,,,,,,,,,,,,,,,,,,,,,,,,
,,,,,,,,,,,,,,,,,,,,,,,,,,,,,,,,,,,,,,,,,,,,,,,,,,,,,,,,,,,,,,,,,,,,,,,,,,,,,,,,,,,,,,,,,,,,,,,,,,,,,,,,,,,,,,,,,,,,,
,,,,,,,,,,,,,,,,,,,,,,,,,,,,,,,,,,,,,,,,,,,,,,,,,,,,,,,,,,,,,,,,,,,,,,,,,,,,,,,,,,,,,,,,,,,,,,,,,,,,,,,,,,,,,,,,,,,,,
,,,,,,,,,,,,,,,,,,,,,,,,,,,,,,,,,,,,,,,,,,,,,,,,,,,,,,,,,,,,,,,,,,,,,,,,,,,,,,,,,,,,,,,,,,,,,,,,,,,,,,,,,,,,,,,,,,,,,
,,,,,,,,,,,,,,,,,,,,,,,,,,,,,,,,,,,,,,,,,,,,,,,,,,,,,,,,,,,,,,,,,,,,,,,,,,,,,,,,,,,,,,,,,,,,,,,,,,,,,,,,,,,,,,,,,,,,,
,,,,,,,,,,,,,,,,,,,,,,,,,,,,,,,,,,,,,,,,,,,,,,,,,,,,,,,,,,,,,,,,,,,,,,,,,,,,,,,,,,,,,,,,,,,,,,,,,,,,,,,,,,,,,,,,,,,,,
,,,,,,,,,,,,,,,,,,,,,,,,,,,,,,,,,,,,,,,,,,,,,,,,,,,,,,,,,,,,,,,,,,,,,,,,,,,,,,,,,,,,,,,,,,,,,,,,,,,,,,,,,,,,,,,,,,,,,
,,,,,,,,,,,,,,,,,,,,,,,,,,,,,,,,,,,,,,,,,,,,,,,,,,,,,,,,,,,,,,,,,,,,,,,,,,,,,,,,,,,,,,,,,,,,,,,,,,,,,,,,,,,,,,,,,,,,,
,,,,,,,,,,,,,,,,,,,,,,,,,,,,,,,,,,,,,,,,,,,,,,,,,,,,,,,,,,,,,,,,,,,,,,,,,,,,,,,,,,,,,,,,,,,,,,,,,,,,,,,,,,,,,,,,,,,,,
,,,,,,,,,,,,,,,,,,,,,,,,,,,,,,,,,,,,,,,,,,,,,,,,,,,,,,,,,,,,,,,,,,,,,,,,,,,,,,,,,,,,,,,,,,,,,,,,,,,,,,,,,,,,,,,,,,,,,
,,,,,,,,,,,,,,,,,,,,,,,,,,,,,,,,,,,,,,,,,,,,,,,,,,,,,,,,,,,,,,,,,,,,,,,,,,,,,,,,,,,,,,,,,,,,,,,,,,,,,,,,,,,,,,,,,,,,,
,,,,,,,,,,,,,,,,,,,,,,,,,,,,,,,,,,,,,,,,,,,,,,,,,,,,,,,,,,,,,,,,,,,,,,,,,,,,,,,,,,,,,,,,,,,,,,,,,,,,,,,,,,,,,,,,,,,,,
,,,,,,,,,,,,,,,,,,,,,,,,,,,,,,,,,,,,,,,,,,,,,,,,,,,,,,,,,,,,,,,,,,,,,,,,,,,,,,,,,,,,,,,,,,,,,,,,,,,,,,,,,,,,,,,,,,,,,
,,,,,,,,,,,,,,,,,,,,,,,,,,,,,,,,,,,,,,,,,,,,,,,,,,,,,,,,,,,,,,,,,,,,,,,,,,,,,,,,,,,,,,,,,,,,,,,,,,,,,,,,,,,,,,,,,,,,,
,,,,,,,,,,,,,,,,,,,,,,,,,,,,,,,,,,,,,,,,,,,,,,,,,,,,,,,,,,,,,,,,,,,,,,,,,,,,,,,,,,,,,,,,,,,,,,,,,,,,,,,,,,,,,,,,,,,,,
,,,,,,,,,,,,,,,,,,,,,,,,,,,,,,,,,,,,,,,,,,,,,,,,,,,,,,,,,,,,,,,,,,,,,,,,,,,,,,,,,,,,,,,,,,,,,,,,,,,,,,,,,,,,,,,,,,,,,
,,,,,,,,,,,,,,,,,,,,,,,,,,,,,,,,,,,,,,,,,,,,,,,,,,,,,,,,,,,,,,,,,,,,,,,,,,,,,,,,,,,,,,,,,,,,,,,,,,,,,,,,,,,,,,,,,,,,,
,,,,,,,,,,,,,,,,,,,,,,,,,,,,,,,,,,,,,,,,,,,,,,,,,,,,,,,,,,,,,,,,,,,,,,,,,,,,,,,,,,,,,,,,,,,,,,,,,,,,,,,,,,,,,,,,,,,,,
,,,,,,,,,,,,,,,,,,,,,,,,,,,,,,,,,,,,,,,,,,,,,,,,,,,,,,,,,,,,,,,,,,,,,,,,,,,,,,,,,,,,,,,,,,,,,,,,,,,,,,,,,,,,,,,,,,,,,
,,,,,,,,,,,,,,,,,,,,,,,,,,,,,,,,,,,,,,,,,,,,,,,,,,,,,,,,,,,,,,,,,,,,,,,,,,,,,,,,,,,,,,,,,,,,,,,,,,,,,,,,,,,,,,,,,,,,,
,,,,,,,,,,,,,,,,,,,,,,,,,,,,,,,,,,,,,,,,,,,,,,,,,,,,,,,,,,,,,,,,,,,,,,,,,,,,,,,,,,,,,,,,,,,,,,,,,,,,,,,,,,,,,,,,,,,,,
,,,,,,,,,,,,,,,,,,,,,,,,,,,,,,,,,,,,,,,,,,,,,,,,,,,,,,,,,,,,,,,,,,,,,,,,,,,,,,,,,,,,,,,,,,,,,,,,,,,,,,,,,,,,,,,,,,,,,
,,,,,,,,,,,,,,,,,,,,,,,,,,,,,,,,,,,,,,,,,,,,,,,,,,,,,,,,,,,,,,,,,,,,,,,,,,,,,,,,,,,,,,,,,,,,,,,,,,,,,,,,,,,,,,,,,,,,,
,,,,,,,,,,,,,,,,,,,,,,,,,,,,,,,,,,,,,,,,,,,,,,,,,,,,,,,,,,,,,,,,,,,,,,,,,,,,,,,,,,,,,,,,,,,,,,,,,,,,,,,,,,,,,,,,,,,,,
,,,,,,,,,,,,,,,,,,,,,,,,,,,,,,,,,,,,,,,,,,,,,,,,,,,,,,,,,,,,,,,,,,,,,,,,,,,,,,,,,,,,,,,,,,,,,,,,,,,,,,,,,,,,,,,,,,,,,
,,,,,,,,,,,,,,,,,,,,,,,,,,,,,,,,,,,,,,,,,,,,,,,,,,,,,,,,,,,,,,,,,,,,,,,,,,,,,,,,,,,,,,,,,,,,,,,,,,,,,,,,,,,,,,,,,,,,,
,,,,,,,,,,,,,,,,,,,,,,,,,,,,,,,,,,,,,,,,,,,,,,,,,,,,,,,,,,,,,,,,,,,,,,,,,,,,,,,,,,,,,,,,,,,,,,,,,,,,,,,,,,,,,,,,,,,,,
,,,,,,,,,,,,,,,,,,,,,,,,,,,,,,,,,,,,,,,,,,,,,,,,,,,,,,,,,,,,,,,,,,,,,,,,,,,,,,,,,,,,,,,,,,,,,,,,,,,,,,,,,,,,,,,,,,,,,
,,,,,,,,,,,,,,,,,,,,,,,,,,,,,,,,,,,,,,,,,,,,,,,,,,,,,,,,,,,,,,,,,,,,,,,,,,,,,,,,,,,,,,,,,,,,,,,,,,,,,,,,,,,,,,,,,,,,,
,,,,,,,,,,,,,,,,,,,,,,,,,,,,,,,,,,,,,,,,,,,,,,,,,,,,,,,,,,,,,,,,,,,,,,,,,,,,,,,,,,,,,,,,,,,,,,,,,,,,,,,,,,,,,,,,,,,,,
,,,,,,,,,,,,,,,,,,,,,,,,,,,,,,,,,,,,,,,,,,,,,,,,,,,,,,,,,,,,,,,,,,,,,,,,,,,,,,,,,,,,,,,,,,,,,,,,,,,,,,,,,,,,,,,,,,,,,
,,,,,,,,,,,,,,,,,,,,,,,,,,,,,,,,,,,,,,,,,,,,,,,,,,,,,,,,,,,,,,,,,,,,,,,,,,,,,,,,,,,,,,,,,,,,,,,,,,,,,,,,,,,,,,,,,,,,,
,,,,,,,,,,,,,,,,,,,,,,,,,,,,,,,,,,,,,,,,,,,,,,,,,,,,,,,,,,,,,,,,,,,,,,,,,,,,,,,,,,,,,,,,,,,,,,,,,,,,,,,,,,,,,,,,,,,,,
,,,,,,,,,,,,,,,,,,,,,,,,,,,,,,,,,,,,,,,,,,,,,,,,,,,,,,,,,,,,,,,,,,,,,,,,,,,,,,,,,,,,,,,,,,,,,,,,,,,,,,,,,,,,,,,,,,,,,
,,,,,,,,,,,,,,,,,,,,,,,,,,,,,,,,,,,,,,,,,,,,,,,,,,,,,,,,,,,,,,,,,,,,,,,,,,,,,,,,,,,,,,,,,,,,,,,,,,,,,,,,,,,,,,,,,,,,,
,,,,,,,,,,,,,,,,,,,,,,,,,,,,,,,,,,,,,,,,,,,,,,,,,,,,,,,,,,,,,,,,,,,,,,,,,,,,,,,,,,,,,,,,,,,,,,,,,,,,,,,,,,,,,,,,,,,,,
,,,,,,,,,,,,,,,,,,,,,,,,,,,,,,,,,,,,,,,,,,,,,,,,,,,,,,,,,,,,,,,,,,,,,,,,,,,,,,,,,,,,,,,,,,,,,,,,,,,,,,,,,,,,,,,,,,,,,
,,,,,,,,,,,,,,,,,,,,,,,,,,,,,,,,,,,,,,,,,,,,,,,,,,,,,,,,,,,,,,,,,,,,,,,,,,,,,,,,,,,,,,,,,,,,,,,,,,,,,,,,,,,,,,,,,,,,,
,,,,,,,,,,,,,,,,,,,,,,,,,,,,,,,,,,,,,,,,,,,,,,,,,,,,,,,,,,,,,,,,,,,,,,,,,,,,,,,,,,,,,,,,,,,,,,,,,,,,,,,,,,,,,,,,,,,,,
,,,,,,,,,,,,,,,,,,,,,,,,,,,,,,,,,,,,,,,,,,,,,,,,,,,,,,,,,,,,,,,,,,,,,,,,,,,,,,,,,,,,,,,,,,,,,,,,,,,,,,,,,,,,,,,,,,,,,
,,,,,,,,,,,,,,,,,,,,,,,,,,,,,,,,,,,,,,,,,,,,,,,,,,,,,,,,,,,,,,,,,,,,,,,,,,,,,,,,,,,,,,,,,,,,,,,,,,,,,,,,,,,,,,,,,,,,,
,,,,,,,,,,,,,,,,,,,,,,,,,,,,,,,,,,,,,,,,,,,,,,,,,,,,,,,,,,,,,,,,,,,,,,,,,,,,,,,,,,,,,,,,,,,,,,,,,,,,,,,,,,,,,,,,,,,,,
,,,,,,,,,,,,,,,,,,,,,,,,,,,,,,,,,,,,,,,,,,,,,,,,,,,,,,,,,,,,,,,,,,,,,,,,,,,,,,,,,,,,,,,,,,,,,,,,,,,,,,,,,,,,,,,,,,,,,
,,,,,,,,,,,,,,,,,,,,,,,,,,,,,,,,,,,,,,,,,,,,,,,,,,,,,,,,,,,,,,,,,,,,,,,,,,,,,,,,,,,,,,,,,,,,,,,,,,,,,,,,,,,,,,,,,,,,,
,,,,,,,,,,,,,,,,,,,,,,,,,,,,,,,,,,,,,,,,,,,,,,,,,,,,,,,,,,,,,,,,,,,,,,,,,,,,,,,,,,,,,,,,,,,,,,,,,,,,,,,,,,,,,,,,,,,,,
,,,,,,,,,,,,,,,,,,,,,,,,,,,,,,,,,,,,,,,,,,,,,,,,,,,,,,,,,,,,,,,,,,,,,,,,,,,,,,,,,,,,,,,,,,,,,,,,,,,,,,,,,,,,,,,,,,,,,
,,,,,,,,,,,,,,,,,,,,,,,,,,,,,,,,,,,,,,,,,,,,,,,,,,,,,,,,,,,,,,,,,,,,,,,,,,,,,,,,,,,,,,,,,,,,,,,,,,,,,,,,,,,,,,,,,,,,,
,,,,,,,,,,,,,,,,,,,,,,,,,,,,,,,,,,,,,,,,,,,,,,,,,,,,,,,,,,,,,,,,,,,,,,,,,,,,,,,,,,,,,,,,,,,,,,,,,,,,,,,,,,,,,,,,,,,,,
,,,,,,,,,,,,,,,,,,,,,,,,,,,,,,,,,,,,,,,,,,,,,,,,,,,,,,,,,,,,,,,,,,,,,,,,,,,,,,,,,,,,,,,,,,,,,,,,,,,,,,,,,,,,,,,,,,,,,
,,,,,,,,,,,,,,,,,,,,,,,,,,,,,,,,,,,,,,,,,,,,,,,,,,,,,,,,,,,,,,,,,,,,,,,,,,,,,,,,,,,,,,,,,,,,,,,,,,,,,,,,,,,,,,,,,,,,,
,,,,,,,,,,,,,,,,,,,,,,,,,,,,,,,,,,,,,,,,,,,,,,,,,,,,,,,,,,,,,,,,,,,,,,,,,,,,,,,,,,,,,,,,,,,,,,,,,,,,,,,,,,,,,,,,,,,,,
,,,,,,,,,,,,,,,,,,,,,,,,,,,,,,,,,,,,,,,,,,,,,,,,,,,,,,,,,,,,,,,,,,,,,,,,,,,,,,,,,,,,,,,,,,,,,,,,,,,,,,,,,,,,,,,,,,,,,
,,,,,,,,,,,,,,,,,,,,,,,,,,,,,,,,,,,,,,,,,,,,,,,,,,,,,,,,,,,,,,,,,,,,,,,,,,,,,,,,,,,,,,,,,,,,,,,,,,,,,,,,,,,,,,,,,,,,,
,,,,,,,,,,,,,,,,,,,,,,,,,,,,,,,,,,,,,,,,,,,,,,,,,,,,,,,,,,,,,,,,,,,,,,,,,,,,,,,,,,,,,,,,,,,,,,,,,,,,,,,,,,,,,,,,,,,,,
,,,,,,,,,,,,,,,,,,,,,,,,,,,,,,,,,,,,,,,,,,,,,,,,,,,,,,,,,,,,,,,,,,,,,,,,,,,,,,,,,,,,,,,,,,,,,,,,,,,,,,,,,,,,,,,,,,,,,
,,,,,,,,,,,,,,,,,,,,,,,,,,,,,,,,,,,,,,,,,,,,,,,,,,,,,,,,,,,,,,,,,,,,,,,,,,,,,,,,,,,,,,,,,,,,,,,,,,,,,,,,,,,,,,,,,,,,,
,,,,,,,,,,,,,,,,,,,,,,,,,,,,,,,,,,,,,,,,,,,,,,,,,,,,,,,,,,,,,,,,,,,,,,,,,,,,,,,,,,,,,,,,,,,,,,,,,,,,,,,,,,,,,,,,,,,,,
,,,,,,,,,,,,,,,,,,,,,,,,,,,,,,,,,,,,,,,,,,,,,,,,,,,,,,,,,,,,,,,,,,,,,,,,,,,,,,,,,,,,,,,,,,,,,,,,,,,,,,,,,,,,,,,,,,,,,
,,,,,,,,,,,,,,,,,,,,,,,,,,,,,,,,,,,,,,,,,,,,,,,,,,,,,,,,,,,,,,,,,,,,,,,,,,,,,,,,,,,,,,,,,,,,,,,,,,,,,,,,,,,,,,,,,,,,,
,,,,,,,,,,,,,,,,,,,,,,,,,,,,,,,,,,,,,,,,,,,,,,,,,,,,,,,,,,,,,,,,,,,,,,,,,,,,,,,,,,,,,,,,,,,,,,,,,,,,,,,,,,,,,,,,,,,,,
,,,,,,,,,,,,,,,,,,,,,,,,,,,,,,,,,,,,,,,,,,,,,,,,,,,,,,,,,,,,,,,,,,,,,,,,,,,,,,,,,,,,,,,,,,,,,,,,,,,,,,,,,,,,,,,,,,,,,
,,,,,,,,,,,,,,,,,,,,,,,,,,,,,,,,,,,,,,,,,,,,,,,,,,,,,,,,,,,,,,,,,,,,,,,,,,,,,,,,,,,,,,,,,,,,,,,,,,,,,,,,,,,,,,,,,,,,,
,,,,,,,,,,,,,,,,,,,,,,,,,,,,,,,,,,,,,,,,,,,,,,,,,,,,,,,,,,,,,,,,,,,,,,,,,,,,,,,,,,,,,,,,,,,,,,,,,,,,,,,,,,,,,,,,,,,,,
,,,,,,,,,,,,,,,,,,,,,,,,,,,,,,,,,,,,,,,,,,,,,,,,,,,,,,,,,,,,,,,,,,,,,,,,,,,,,,,,,,,,,,,,,,,,,,,,,,,,,,,,,,,,,,,,,,,,,
,,,,,,,,,,,,,,,,,,,,,,,,,,,,,,,,,,,,,,,,,,,,,,,,,,,,,,,,,,,,,,,,,,,,,,,,,,,,,,,,,,,,,,,,,,,,,,,,,,,,,,,,,,,,,,,,,,,,,
,,,,,,,,,,,,,,,,,,,,,,,,,,,,,,,,,,,,,,,,,,,,,,,,,,,,,,,,,,,,,,,,,,,,,,,,,,,,,,,,,,,,,,,,,,,,,,,,,,,,,,,,,,,,,,,,,,,,,
,,,,,,,,,,,,,,,,,,,,,,,,,,,,,,,,,,,,,,,,,,,,,,,,,,,,,,,,,,,,,,,,,,,,,,,,,,,,,,,,,,,,,,,,,,,,,,,,,,,,,,,,,,,,,,,,,,,,,
,,,,,,,,,,,,,,,,,,,,,,,,,,,,,,,,,,,,,,,,,,,,,,,,,,,,,,,,,,,,,,,,,,,,,,,,,,,,,,,,,,,,,,,,,,,,,,,,,,,,,,,,,,,,,,,,,,,,,
,,,,,,,,,,,,,,,,,,,,,,,,,,,,,,,,,,,,,,,,,,,,,,,,,,,,,,,,,,,,,,,,,,,,,,,,,,,,,,,,,,,,,,,,,,,,,,,,,,,,,,,,,,,,,,,,,,,,,
,,,,,,,,,,,,,,,,,,,,,,,,,,,,,,,,,,,,,,,,,,,,,,,,,,,,,,,,,,,,,,,,,,,,,,,,,,,,,,,,,,,,,,,,,,,,,,,,,,,,,,,,,,,,,,,,,,,,,
,,,,,,,,,,,,,,,,,,,,,,,,,,,,,,,,,,,,,,,,,,,,,,,,,,,,,,,,,,,,,,,,,,,,,,,,,,,,,,,,,,,,,,,,,,,,,,,,,,,,,,,,,,,,,,,,,,,,,
,,,,,,,,,,,,,,,,,,,,,,,,,,,,,,,,,,,,,,,,,,,,,,,,,,,,,,,,,,,,,,,,,,,,,,,,,,,,,,,,,,,,,,,,,,,,,,,,,,,,,,,,,,,,,,,,,,,,,
,,,,,,,,,,,,,,,,,,,,,,,,,,,,,,,,,,,,,,,,,,,,,,,,,,,,,,,,,,,,,,,,,,,,,,,,,,,,,,,,,,,,,,,,,,,,,,,,,,,,,,,,,,,,,,,,,,,,,
,,,,,,,,,,,,,,,,,,,,,,,,,,,,,,,,,,,,,,,,,,,,,,,,,,,,,,,,,,,,,,,,,,,,,,,,,,,,,,,,,,,,,,,,,,,,,,,,,,,,,,,,,,,,,,,,,,,,,
,,,,,,,,,,,,,,,,,,,,,,,,,,,,,,,,,,,,,,,,,,,,,,,,,,,,,,,,,,,,,,,,,,,,,,,,,,,,,,,,,,,,,,,,,,,,,,,,,,,,,,,,,,,,,,,,,,,,,
,,,,,,,,,,,,,,,,,,,,,,,,,,,,,,,,,,,,,,,,,,,,,,,,,,,,,,,,,,,,,,,,,,,,,,,,,,,,,,,,,,,,,,,,,,,,,,,,,,,,,,,,,,,,,,,,,,,,,
,,,,,,,,,,,,,,,,,,,,,,,,,,,,,,,,,,,,,,,,,,,,,,,,,,,,,,,,,,,,,,,,,,,,,,,,,,,,,,,,,,,,,,,,,,,,,,,,,,,,,,,,,,,,,,,,,,,,,
,,,,,,,,,,,,,,,,,,,,,,,,,,,,,,,,,,,,,,,,,,,,,,,,,,,,,,,,,,,,,,,,,,,,,,,,,,,,,,,,,,,,,,,,,,,,,,,,,,,,,,,,,,,,,,,,,,,,,
,,,,,,,,,,,,,,,,,,,,,,,,,,,,,,,,,,,,,,,,,,,,,,,,,,,,,,,,,,,,,,,,,,,,,,,,,,,,,,,,,,,,,,,,,,,,,,,,,,,,,,,,,,,,,,,,,,,,,
,,,,,,,,,,,,,,,,,,,,,,,,,,,,,,,,,,,,,,,,,,,,,,,,,,,,,,,,,,,,,,,,,,,,,,,,,,,,,,,,,,,,,,,,,,,,,,,,,,,,,,,,,,,,,,,,,,,,,
,,,,,,,,,,,,,,,,,,,,,,,,,,,,,,,,,,,,,,,,,,,,,,,,,,,,,,,,,,,,,,,,,,,,,,,,,,,,,,,,,,,,,,,,,,,,,,,,,,,,,,,,,,,,,,,,,,,,,
,,,,,,,,,,,,,,,,,,,,,,,,,,,,,,,,,,,,,,,,,,,,,,,,,,,,,,,,,,,,,,,,,,,,,,,,,,,,,,,,,,,,,,,,,,,,,,,,,,,,,,,,,,,,,,,,,,,,,
,,,,,,,,,,,,,,,,,,,,,,,,,,,,,,,,,,,,,,,,,,,,,,,,,,,,,,,,,,,,,,,,,,,,,,,,,,,,,,,,,,,,,,,,,,,,,,,,,,,,,,,,,,,,,,,,,,,,,
,,,,,,,,,,,,,,,,,,,,,,,,,,,,,,,,,,,,,,,,,,,,,,,,,,,,,,,,,,,,,,,,,,,,,,,,,,,,,,,,,,,,,,,,,,,,,,,,,,,,,,,,,,,,,,,,,,,,,
,,,,,,,,,,,,,,,,,,,,,,,,,,,,,,,,,,,,,,,,,,,,,,,,,,,,,,,,,,,,,,,,,,,,,,,,,,,,,,,,,,,,,,,,,,,,,,,,,,,,,,,,,,,,,,,,,,,,,
,,,,,,,,,,,,,,,,,,,,,,,,,,,,,,,,,,,,,,,,,,,,,,,,,,,,,,,,,,,,,,,,,,,,,,,,,,,,,,,,,,,,,,,,,,,,,,,,,,,,,,,,,,,,,,,,,,,,,
,,,,,,,,,,,,,,,,,,,,,,,,,,,,,,,,,,,,,,,,,,,,,,,,,,,,,,,,,,,,,,,,,,,,,,,,,,,,,,,,,,,,,,,,,,,,,,,,,,,,,,,,,,,,,,,,,,,,,
,,,,,,,,,,,,,,,,,,,,,,,,,,,,,,,,,,,,,,,,,,,,,,,,,,,,,,,,,,,,,,,,,,,,,,,,,,,,,,,,,,,,,,,,,,,,,,,,,,,,,,,,,,,,,,,,,,,,,
,,,,,,,,,,,,,,,,,,,,,,,,,,,,,,,,,,,,,,,,,,,,,,,,,,,,,,,,,,,,,,,,,,,,,,,,,,,,,,,,,,,,,,,,,,,,,,,,,,,,,,,,,,,,,,,,,,,,,
,,,,,,,,,,,,,,,,,,,,,,,,,,,,,,,,,,,,,,,,,,,,,,,,,,,,,,,,,,,,,,,,,,,,,,,,,,,,,,,,,,,,,,,,,,,,,,,,,,,,,,,,,,,,,,,,,,,,,
,,,,,,,,,,,,,,,,,,,,,,,,,,,,,,,,,,,,,,,,,,,,,,,,,,,,,,,,,,,,,,,,,,,,,,,,,,,,,,,,,,,,,,,,,,,,,,,,,,,,,,,,,,,,,,,,,,,,,
,,,,,,,,,,,,,,,,,,,,,,,,,,,,,,,,,,,,,,,,,,,,,,,,,,,,,,,,,,,,,,,,,,,,,,,,,,,,,,,,,,,,,,,,,,,,,,,,,,,,,,,,,,,,,,,,,,,,,
,,,,,,,,,,,,,,,,,,,,,,,,,,,,,,,,,,,,,,,,,,,,,,,,,,,,,,,,,,,,,,,,,,,,,,,,,,,,,,,,,,,,,,,,,,,,,,,,,,,,,,,,,,,,,,,,,,,,,
,,,,,,,,,,,,,,,,,,,,,,,,,,,,,,,,,,,,,,,,,,,,,,,,,,,,,,,,,,,,,,,,,,,,,,,,,,,,,,,,,,,,,,,,,,,,,,,,,,,,,,,,,,,,,,,,,,,,,
,,,,,,,,,,,,,,,,,,,,,,,,,,,,,,,,,,,,,,,,,,,,,,,,,,,,,,,,,,,,,,,,,,,,,,,,,,,,,,,,,,,,,,,,,,,,,,,,,,,,,,,,,,,,,,,,,,,,,
,,,,,,,,,,,,,,,,,,,,,,,,,,,,,,,,,,,,,,,,,,,,,,,,,,,,,,,,,,,,,,,,,,,,,,,,,,,,,,,,,,,,,,,,,,,,,,,,,,,,,,,,,,,,,,,,,,,,,
,,,,,,,,,,,,,,,,,,,,,,,,,,,,,,,,,,,,,,,,,,,,,,,,,,,,,,,,,,,,,,,,,,,,,,,,,,,,,,,,,,,,,,,,,,,,,,,,,,,,,,,,,,,,,,,,,,,,,
,,,,,,,,,,,,,,,,,,,,,,,,,,,,,,,,,,,,,,,,,,,,,,,,,,,,,,,,,,,,,,,,,,,,,,,,,,,,,,,,,,,,,,,,,,,,,,,,,,,,,,,,,,,,,,,,,,,,,
,,,,,,,,,,,,,,,,,,,,,,,,,,,,,,,,,,,,,,,,,,,,,,,,,,,,,,,,,,,,,,,,,,,,,,,,,,,,,,,,,,,,,,,,,,,,,,,,,,,,,,,,,,,,,,,,,,,,,
,,,,,,,,,,,,,,,,,,,,,,,,,,,,,,,,,,,,,,,,,,,,,,,,,,,,,,,,,,,,,,,,,,,,,,,,,,,,,,,,,,,,,,,,,,,,,,,,,,,,,,,,,,,,,,,,,,,,,
,,,,,,,,,,,,,,,,,,,,,,,,,,,,,,,,,,,,,,,,,,,,,,,,,,,,,,,,,,,,,,,,,,,,,,,,,,,,,,,,,,,,,,,,,,,,,,,,,,,,,,,,,,,,,,,,,,,,,
,,,,,,,,,,,,,,,,,,,,,,,,,,,,,,,,,,,,,,,,,,,,,,,,,,,,,,,,,,,,,,,,,,,,,,,,,,,,,,,,,,,,,,,,,,,,,,,,,,,,,,,,,,,,,,,,,,,,,
,,,,,,,,,,,,,,,,,,,,,,,,,,,,,,,,,,,,,,,,,,,,,,,,,,,,,,,,,,,,,,,,,,,,,,,,,,,,,,,,,,,,,,,,,,,,,,,,,,,,,,,,,,,,,,,,,,,,,
,,,,,,,,,,,,,,,,,,,,,,,,,,,,,,,,,,,,,,,,,,,,,,,,,,,,,,,,,,,,,,,,,,,,,,,,,,,,,,,,,,,,,,,,,,,,,,,,,,,,,,,,,,,,,,,,,,,,,
,,,,,,,,,,,,,,,,,,,,,,,,,,,,,,,,,,,,,,,,,,,,,,,,,,,,,,,,,,,,,,,,,,,,,,,,,,,,,,,,,,,,,,,,,,,,,,,,,,,,,,,,,,,,,,,,,,,,,
,,,,,,,,,,,,,,,,,,,,,,,,,,,,,,,,,,,,,,,,,,,,,,,,,,,,,,,,,,,,,,,,,,,,,,,,,,,,,,,,,,,,,,,,,,,,,,,,,,,,,,,,,,,,,,,,,,,,,
,,,,,,,,,,,,,,,,,,,,,,,,,,,,,,,,,,,,,,,,,,,,,,,,,,,,,,,,,,,,,,,,,,,,,,,,,,,,,,,,,,,,,,,,,,,,,,,,,,,,,,,,,,,,,,,,,,,,,
,,,,,,,,,,,,,,,,,,,,,,,,,,,,,,,,,,,,,,,,,,,,,,,,,,,,,,,,,,,,,,,,,,,,,,,,,,,,,,,,,,,,,,,,,,,,,,,,,,,,,,,,,,,,,,,,,,,,,
,,,,,,,,,,,,,,,,,,,,,,,,,,,,,,,,,,,,,,,,,,,,,,,,,,,,,,,,,,,,,,,,,,,,,,,,,,,,,,,,,,,,,,,,,,,,,,,,,,,,,,,,,,,,,,,,,,,,,
,,,,,,,,,,,,,,,,,,,,,,,,,,,,,,,,,,,,,,,,,,,,,,,,,,,,,,,,,,,0.72,,,,,,,,,,,,,,,,,,,,,,,,,,,,,,,,,,,,,,,,,,,,,,,,,,,,,,,,,,
,,,,,,,,,,,,,,,,,,,,,,,,,,,,,,,,,,,,,,,,,,,,,,,,,,,,,,,,,,,0.95,,,,,,,,,,,,,,,,,,,,,,,,,,,,,,,,,,,,,,,,,,,,,,,,,,,,,,,,,,
,,,,,,,,,,,,,,,,,,,,,,,,,,,,,,,,,,,,,,,,,,,,,,,,,,,,,,,,,,,2.98,,,,,,,,,,,,,,,,,,,,,,,,,,,,,,,,,,,,,,,,,,,,,,,,,,,,,,,,,,
,,,,,,,,,,,,,,,,,,,,,,,,,,,,,,,,,,,,,,,,,,,,,,,,,,,,,,,,,,,3.06,,,,,,,,,,,,,,,,,,,,,,,,,,,,,,,,,,,,,,,,,,,,,,,,,,,,,,,,,,
,,,,,,,,,,,,,,,,,,,,,,,,,,,,,,,,,,,,,,,,,,,,,,,,,,,,,,,,,,,2.88,,,,,,,,,,,,,,,,,,,,,,,,,,,,,,,,,,,,,,,,,,,,,,,,,,,,,,,,,,
,,,,,,,,,,,,,,,,,,,,,,,,,,,,,,,,,,,,,,,,,,,,,,,,,,,,,,,,,,,2.29,,,,,,,,,,,,,,,,,,,,,,,,,,,,,,,,,,,,,,,,,,,,,,,,,,,,,,,,,,
,,,,,,,,,,,,,,,,,,,,,,,,,,,,,,,,,,,,,,,,,,,,,,,,,,,,,,,,,4.33,,2.42,,,,,,,,,,,,,,,,,,,,,,,,,,,,,,,,,,,,,,,,,,,,,,,,,,,,,,,,,,
,,,,,,,,,,,,,,,,,,,,,,,,,,,,,,,,,,,,,,,,,,,,,,,,,,,,,,,,,4.56,,4.25,,,,,,,,,,,,,,,,,,,,,,,,,,,,,,,,,,,,,,,,,,,,,,,,,,,,,,,,,,
,,,,,,,,,,,,,,,,,,,,,,,,,,,,,,,,,,,,,,,,,,,,,,,,,,,,,,,,4.32,2.47,,3.3,,,,,,,,,,,,,,,,,,,,,,,,,,,,,,,,,,,,,,,,,,,,,,,,,,,,,,,,,,
,,,,,,,,,,,,,,,,,,,,,,,,,,,,,,,,,,,,,,,,,,,,,,,,,,,,,,6.08,,5.43,4.9,,6.53,,,,,,,,,,,,,,,,,,,,,,,,,,,,,,,,,,,,,,,,,,,,,,,,,,,,,,,,,,
,,,,,,,,,,,,,,,,,,,,,,,,,,,,,,,,,,,,,,,,,,,,,2.51,,,,,,3.56,4.16,,4.25,,5.39,4.16,,5.56,3.18,,,4.72,,,,,,,,,,,,,,,,,,,,,,,,,,,,,,,,,,,,,,,,,,,,,,,,,,,,,,
,,,,,,,,,,,,,,,,,,,,,,,,,,,,,,,,,,,,,,,,,,,,,2.15,,,,,,2.87,4.08,,2.34,,4.03,1.91,,2.5,4.35,,,3.59,,,,,,,,,,,,,,,,,,,,,,,,,,,,,,,,,,,,,,,,,,,,,,,,,,,,,,
,,,,,,,,,,,,,,,,,,,,,,,,,,,,,,,,,,,,,,,,,,,,,2.46,,,,,,2.89,4.59,,2.8,,4.14,1.47,,3.33,4.79,,,2.75,,,,,,,,,,,,,,,,,,,,,,,,,,,,,,,,,,,,,,,,,,,,,,,,,,,,,,
,,,,,,,,,,,,,,,,,,,,,,,,,,,,,,,,,,,,,,,,,,,,5.56,2.08,,,,,1.52,2.18,3.59,,3.15,4.74,2.87,1.45,,3.61,4.91,,,2.73,,,,,,,,,,,,,,,,,,,,,,,,,,,,,,,,,,,,,,,,,,,,,,,,,,,,,,
,,,,,,,,,,,,,,,,,,,,,,,,,,,,,,,,,,,,,,,,,,,,4.34,1.99,,,,,3.87,2.57,3.33,,2.61,4.46,3.66,2.46,3.73,4.62,3.32,,,3.51,,,,,,,,,,,,,,,,,,,,,,,,,,,,,,,,,,,,,,,,,,,,,,,,,,,,,,
,,,,,,,,,,,,,,,,,,,,,,,,,,,,,,,,,,,,,,,,,,,3.66,4.69,1.15,,1.82,3.02,,2.82,1.6,2.71,5.3,1.54,3.37,2.32,1.26,2.89,2.26,1.44,,,2.03,,,,,,,,,,,,,,,,,,,,,,,,,,,,,,,,,,,,,,,,,,,,,,,,,,,,,,
,,,,,,,,,,,,,,,,,,,,,,,,,,,,,,,,,,,,,,,,,,,4.47,4.37,1.52,6.13,2.82,2.76,,4.1,1.35,3.44,5.13,2.58,3.31,2.34,1.63,2.8,2.83,2.31,,,3.5,,,,,,,,,,,,,,,,,,,,,,,,,,,,,,,,,,,,,,,,,,,,,,,,,,,,,,
,,,,,,,,,,,,,,,,,,,,,,,,,,,,,,,,,,,,,,,,,,,2.96,4.72,1.31,5.65,1.96,2.72,,4.41,1.7,2.51,5.1,2.74,2.67,1.3,1.93,2.84,2.9,2.72,,,3.38,,,,,,,,,,,,,,,,,,,,,,,,,,,,,,,,,,,,,,,,,,,,,,,,,,,,,,
,,,,,,,,,,,,,,,,,,,,,,,,,,,,,,,,,,,,,,,,,,,3.11,4.41,2.34,5.38,3.18,2.61,,3.04,2.93,3.02,4.57,3.16,2.98,1.8,2.7,1.99,3.42,3.07,,2.98,3.33,,,,,,,,,,,,,,,,,,,,,,,,,,,,,,,,,,,,,,,,,,,,,,,,,,,,,,
,,,,,,,,,,,,,,,,,,,,,,,,,,,,,,,,,,,,,,,,,,,2.49,3.13,1.88,3.84,2.18,1.62,4.9,3.15,1.48,2.53,3.09,2.97,2.9,1.55,2.28,1.41,2.81,3.04,,2.12,2.94,,,,,,,,,,,,,,,,,,,,,,,,,,,,,,,,,,,,,,,,,,,,,,,,,,,,,,
,,,,,,,,,,,,,,,,,,,,,,,,,,,,,,,,,,,,,,,,,,,1.98,2.18,2.42,3.67,1.91,1.87,5.67,3.34,1.0,1.68,2.12,2.69,2.35,1.62,1.92,1.16,2.56,2.45,,1.71,1.67,,,,,,,,,,,,,,,,,,,,,,,,,,,,,,,,,,,,,,,,,,,,,,,,,,,,,,
,,,,,,,,,,,,,,,,,,,,,,,,,,,,,,,,,,,,,,,,,,,1.91,2.14,1.58,2.96,1.95,1.64,4.22,2.82,0.7,2.32,1.88,3.39,2.33,1.46,1.81,1.05,2.96,2.12,,1.65,1.71,,,,,,,,,,,,,,,,,,,,,,,,,,,,,,,,,,,,,,,,,,,,,,,,,,,,,,
,,,,,,,,,,,,,,,,,,,,,,,,,,,,,,,,,,,,,,,,,,,2.25,2.98,2.0,3.27,2.91,2.69,3.85,3.84,1.07,3.23,2.32,2.49,2.06,1.57,2.0,1.03,3.08,2.5,,1.73,1.42,,,,,,,,,,,,,,,,,,,,,,,,,,,,,,,,,,,,,,,,,,,,,,,,,,,,,,
,,,,,,,,,,,,,,,,,,,,,,,,,,,,,,,,,,,,,,,,,,,2.1,2.52,1.7,3.17,2.28,1.45,3.35,2.54,0.88,2.75,2.71,2.69,1.91,1.49,1.73,0.99,2.74,2.16,,1.65,1.56,,,,,,,,,,,,,,,,,,,,,,,,,,,,,,,,,,,,,,,,,,,,,,,,,,,,,,
,,,,,,,,,,,,,,,,,,,,,,,,,,,,,,,,,,,,,,,,,,,1.74,1.89,1.44,2.64,2.34,1.8,1.79,2.66,0.78,1.99,1.47,2.02,1.54,1.52,1.29,0.62,1.71,1.96,,1.27,0.73,,,,,,,,,,,,,,,,,,,,,,,,,,,,,,,,,,,,,,,,,,,,,,,,,,,,,,
,,,,,,,,,,,,,,,,,,,,,,,,,,,,,,,,,,,,,,,,,,,2.1,1.91,1.69,2.81,3.02,1.73,2.19,2.26,1.28,2.35,1.76,1.95,1.63,1.03,1.46,0.7,1.77,1.86,,1.75,1.18,,,,,,,,,,,,,,,,,,,,,,,,,,,,,,,,,,,,,,,,,,,,,,,,,,,,,,
,,,,,,,,,,,,,,,,,,,,,,,,,,,,,,,,,,,,,,,,,,,2.26,2.04,1.31,1.97,2.14,2.04,2.8,2.72,1.09,2.11,1.83,1.6,1.45,1.02,1.22,0.81,1.64,1.36,,1.67,1.49,,,,,,,,,,,,,,,,,,,,,,,,,,,,,,,,,,,,,,,,,,,,,,,,,,,,,,
,,,,,,,,,,,,,,,,,,,,,,,,,,,,,,,,,,,,,,,,,,,1.75,1.61,1.59,2.45,2.31,2.1,2.43,2.45,1.29,1.98,1.88,1.69,1.66,1.44,1.33,0.81,1.86,1.45,,1.86,1.15,,,,,,,,,,,,,,,,,,,,,,,,,,,,,,,,,,,,,,,,,,,,,,,,,,,,,,
,,,,,,,,,,,,,,,,,,,,,,,,,,,,,,,,,,,,,,,,,,,2.1,2.32,2.04,2.54,2.97,1.27,2.76,1.77,1.52,2.43,1.98,1.89,1.78,1.48,1.95,1.09,1.89,1.59,,2.05,1.95,,,,,,,,,,,,,,,,,,,,,,,,,,,,,,,,,,,,,,,,,,,,,,,,,,,,,,
,,,,,,,,,,,,,,,,,,,,,,,,,,,,,,,,,,,,,,,,,,,2.54,2.39,1.66,3.37,2.1,1.83,2.34,1.88,1.95,2.74,2.65,1.64,2.41,1.31,2.17,1.33,2.23,1.62,1.55,2.02,2.3,,,,,,,,,,,,,,,,,,,,,,,,,,,,,,,,,,,,,,,,,,,,,,,,,,,,,,
,,,,,,,,,,,,,,,,,,,,,,,,,,,,,,,,,,,,,,,,,,,2.26,1.39,1.97,2.28,2.16,1.62,2.19,1.73,1.69,2.25,2.17,1.69,2.01,1.13,1.53,2.11,1.76,1.64,1.5,1.86,1.54,,,,,,,,,,,,,,,,,,,,,,,,,,,,,,,,,,,,,,,,,,,,,,,,,,,,,,
,,,,,,,,,,,,,,,,,,,,,,,,,,,,,,,,,,,,,,,,,,,2.77,2.75,2.37,3.52,2.84,1.88,3.11,1.78,1.4,2.68,2.27,1.67,2.22,1.4,1.54,1.45,1.67,1.16,1.79,1.79,2.06,,,,,,,,,,,,,,,,,,,,,,,,,,,,,,,,,,,,,,,,,,,,,,,,,,,,,,
,,,,,,,,,,,,,,,,,,,,,,,,,,,,,,,,,,,,,,,,,,,2.15,2.51,1.81,2.76,2.56,1.9,2.83,2.63,1.88,3.09,2.71,2.01,2.2,1.3,1.86,1.32,2.13,1.44,1.38,1.69,2.57,,,,,,,,,,,,,,,,,,,,,,,,,,,,,,,,,,,,,,,,,,,,,,,,,,,,,,
,,,,,,,,,,,,,,,,,,,,,,,,,,,,,,,,,,,,,,,,,,,2.03,1.62,1.72,2.56,2.39,2.48,3.45,2.19,1.39,2.47,2.5,1.93,2.51,1.17,1.35,0.77,1.73,1.38,0.64,1.44,2.45,,,,,,,,,,,,,,,,,,,,,,,,,,,,,,,,,,,,,,,,,,,,,,,,,,,,,,
,,,,,,,,,,,,,,,,,,,,,,,,,,,,,,,,,,,,,,,,,,,2.1,2.31,2.35,3.49,2.96,2.73,2.8,2.31,1.61,2.1,1.96,1.83,2.17,1.67,1.76,0.85,1.84,2.33,1.1,1.76,2.71,,,,,,,7.97,5.82,,,,6.21,,,,,,,,,,5.3,,,,,,,,,,,,,,,,,,,,,,,,,,,,,,,,
,,,,,,,,,,,,,,,,,,,,,,,,,,,,,,,,,,,,,,,,,,,0.88,1.27,0.65,1.2,0.66,1.9,3.49,2.89,0.49,1.14,0.83,0.93,0.41,0.54,0.57,0.48,1.16,0.83,1.02,0.6,1.0,,,,,,,2.97,9.25,,,,2.62,,,,,,,,4.08,,1.96,2.63,,,,,,,,,,,,,,,4.46,,,,,,5.04,,,5.14,,,,,,,
,,,,,,,,,,,,,,,,,,,,,,,,,,,,,,,,,,,,,,,,,,,1.66,2.05,1.87,3.53,2.86,2.83,3.56,2.59,1.65,1.98,1.86,2.0,3.35,0.96,1.46,0.73,1.97,2.43,1.79,1.71,2.49,,,,,,,8.86,5.06,,,,5.49,,,,,,,,4.57,6.73,4.86,7.12,,,,,,,,,5.3,,,,,9.07,5.69,7.17,,,,,7.32,4.08,7.32,7.12,,,6.44,,,,
,,,,,,,,,,,,,,,,,,,,,,,,,,,,,,,,,,,,,,,,,,,0.92,1.32,1.53,1.95,1.09,1.49,2.27,2.16,0.85,1.4,0.97,0.6,0.76,0.69,0.6,0.33,0.87,0.8,0.72,1.06,0.86,,,,,,6.12,7.06,7.71,,,,4.59,,,,,,,,3.65,4.59,4.5,6.61,,,,8.78,,,,,6.39,,,,,8.39,7.34,7.89,,,,,5.81,6.2,7.96,7.94,,,7.9,4.68,,,
,,,,,,,,,,,,,,,,,,,,,,,,,,,,,,,,,,,,,,,,,,,1.6,2.03,1.68,3.01,1.91,2.26,2.85,2.41,1.08,2.3,1.56,1.18,1.79,0.88,0.69,0.71,1.16,1.98,1.18,1.36,1.62,,,,,,6.77,6.71,6.09,,3.67,5.84,4.88,,,,,,,,3.82,4.16,3.61,6.38,,,,8.76,,,,,5.61,,,,,7.3,5.83,6.37,,5.97,,,5.68,7.04,7.35,7.11,,,7.51,6.51,,,
,,,,,,,,,,,,,,,,,,,,,,,,,,,,,,,,,,,,,,,,,,,1.92,2.37,1.77,2.59,2.52,1.0,1.64,1.18,1.53,2.87,3.13,1.45,1.36,0.69,0.7,1.14,1.3,1.5,0.93,1.43,2.02,,,,,,6.11,8.1,3.66,4.24,2.67,4.09,2.81,,,,,,,1.47,2.19,1.23,2.59,8.91,,,,5.77,,,,,5.29,,,,,7.61,5.14,6.53,,6.77,,,5.34,5.52,5.29,6.46,,5.81,5.91,4.97,,,
,,,,,,,,,,,,,,,,,,,,,,,,,,,,,,,,,,,,,,,,,,,1.32,1.27,1.51,2.51,1.91,2.26,2.97,2.6,0.65,1.7,1.37,1.65,1.78,0.73,0.81,0.84,0.87,1.09,1.05,1.05,1.39,5.45,3.56,4.37,4.65,8.54,5.41,6.22,1.7,4.41,2.8,2.4,2.69,,,,8.15,4.4,,1.55,1.7,1.25,2.44,6.55,6.28,,3.44,5.24,,,5.09,5.47,4.6,8.04,,,6.8,7.28,4.0,4.14,6.2,6.47,,,5.4,5.35,6.14,7.02,5.87,5.43,6.96,4.08,5.76,9.14,6.43
,,,,,,,,,,,,,,,,,,,,,,,,,,,,,,,,,,,,,,,,,,,0.85,0.36,0.61,0.97,0.9,0.79,1.3,1.43,0.55,1.22,0.6,0.75,0.69,0.21,0.34,0.19,0.41,0.68,0.55,0.42,0.57,2.45,1.46,1.42,1.11,3.06,2.09,2.98,4.63,1.58,1.1,1.1,0.76,7.01,,,3.92,1.55,4.02,0.74,0.45,0.89,0.94,3.46,2.58,,1.49,2.84,,,2.3,1.55,2.71,3.53,,,2.5,4.17,3.65,1.59,3.2,5.24,,,2.92,2.36,3.71,2.5,2.61,2.59,3.5,2.94,2.19,5.31,3.08
,,,,,,,,,,,,,,,,,,,,,,,,,,,,,,,,,,,,,,,,,,,0.82,0.99,1.47,1.98,1.29,1.9,2.37,1.93,0.74,1.68,0.79,0.88,1.41,0.44,0.52,0.63,1.14,0.89,0.91,1.13,1.46,5.25,3.19,4.79,4.18,5.83,4.51,6.69,5.52,2.78,2.49,2.53,2.93,7.41,,,5.41,4.3,9.64,2.0,1.67,0.95,1.96,6.65,6.57,,2.12,4.75,,,3.5,3.39,3.31,5.13,,,4.22,5.02,3.5,3.65,4.92,3.68,,,4.43,3.58,4.69,4.58,4.7,5.26,5.29,4.52,4.34,9.79,5.94
,,,,,,,,,,,,,,,,,,,,,,,,,,,,,,,,,5.0,4.75,,,,,,,,,1.27,1.19,1.94,2.44,2.52,1.86,2.74,2.28,1.3,2.81,1.48,1.31,2.24,0.58,0.95,0.69,1.76,1.53,1.17,1.66,2.59,4.78,2.89,5.21,3.57,5.97,5.51,4.76,2.22,3.99,2.04,3.41,2.05,4.47,,,5.36,7.55,8.82,1.66,0.76,0.65,2.18,6.91,4.97,6.3,1.95,2.69,,,3.84,3.2,3.09,4.44,,,3.69,3.55,2.96,3.17,5.55,2.88,6.49,4.13,3.39,3.53,4.58,3.95,5.04,4.84,3.94,2.43,4.63,6.57,4.22
,,,,,,2.08,2.22,,,,,,,,3.37,3.19,,,,,,,,,,,,,,,,,8.04,6.25,,,,,,,,,1.39,1.18,2.02,1.8,1.49,1.26,2.22,1.79,0.74,1.83,1.0,1.0,1.39,0.53,0.92,0.64,1.02,0.8,1.55,1.53,1.74,3.45,1.66,2.26,1.76,7.06,2.21,2.81,4.08,3.55,2.44,1.43,1.19,3.42,,,2.21,3.4,5.86,0.93,0.51,0.87,1.69,5.57,3.6,5.23,2.31,3.81,,,4.35,2.91,2.76,3.67,,,2.75,2.64,2.63,2.15,5.36,2.45,4.46,3.15,2.89,2.86,3.94,3.86,5.77,3.85,4.36,2.96,2.99,5.97,3.47
,,,,,,4.01,3.5,6.89,,,,,,,5.39,6.09,,,,4.69,8.25,,6.26,,,,,,,,,,8.03,9.61,4.32,4.74,9.17,8.94,6.94,5.71,,,1.58,1.46,2.68,1.54,2.17,0.8,1.7,1.35,0.84,2.79,2.01,0.97,0.85,0.91,0.69,0.53,1.29,0.65,1.71,1.39,1.96,3.93,2.68,4.66,3.96,3.0,2.72,2.34,3.56,3.31,2.05,2.18,2.47,4.89,6.07,,1.75,4.1,5.04,1.27,0.32,0.82,1.63,4.38,3.04,4.89,2.11,2.44,,,4.03,2.73,2.92,2.99,,,2.22,2.58,2.3,2.84,4.03,3.09,4.25,2.27,2.9,1.93,3.07,2.51,3.97,3.8,3.78,3.55,2.57,4.55,4.18
,,,,,3.33,7.69,6.38,6.99,,,7.53,7.35,7.09,6.51,6.95,5.39,,,,7.16,8.17,5.29,7.02,,9.88,,7.32,,,6.67,9.02,8.69,6.15,6.99,5.98,5.79,9.86,8.17,9.05,7.63,8.21,7.08,1.98,1.37,2.27,2.3,2.38,1.04,1.71,1.71,0.87,3.21,1.84,1.19,1.82,0.94,1.27,1.08,1.01,1.11,1.33,2.05,2.39,3.4,2.44,3.75,2.89,3.7,2.17,2.89,2.87,3.49,3.25,1.88,2.19,4.96,2.48,5.97,4.44,5.32,5.48,1.36,0.16,0.77,2.23,6.57,3.03,2.86,1.9,1.53,,,3.6,2.95,2.6,2.77,,,1.94,2.03,2.1,1.64,3.98,1.9,3.22,2.3,2.29,2.31,3.29,2.8,3.67,3.82,3.77,2.87,2.45,3.55,2.81
5.79,,,,8.14,6.08,5.38,4.5,3.71,,,5.94,5.45,4.75,4.98,4.41,4.09,,7.36,10.43,5.64,4.83,7.15,3.93,10.19,7.32,,6.96,,,4.95,5.46,8.92,5.62,8.33,3.58,3.68,6.68,4.69,7.26,4.35,4.81,5.7,1.59,1.16,1.82,1.53,1.86,1.41,2.85,3.59,0.88,2.5,1.57,1.23,0.96,0.65,0.9,0.86,0.68,0.81,1.28,1.94,1.61,3.26,0.88,2.03,0.8,3.81,1.66,2.5,3.16,2.46,2.51,1.64,1.75,2.36,3.58,3.88,2.58,4.66,4.64,1.03,0.18,0.28,1.38,3.45,2.25,3.85,1.14,1.92,,,2.33,1.7,2.2,1.92,,,2.03,1.46,1.52,1.31,4.23,1.74,2.49,1.35,1.37,2.01,1.95,1.76,3.42,2.32,3.08,2.53,2.28,2.65,2.53
4.22,6.44,4.9,7.73,7.01,4.58,5.16,5.59,5.37,9.58,8.84,7.12,6.61,5.79,6.86,5.17,4.33,8.95,5.33,6.56,6.89,5.43,4.95,5.28,6.61,8.69,5.61,7.15,,7.67,6.33,5.15,8.37,6.04,6.3,5.24,3.84,8.16,5.84,9.12,6.23,6.4,7.47,1.28,0.79,1.56,2.07,1.42,1.51,2.41,3.0,0.57,2.76,1.24,1.22,1.21,1.23,0.84,0.98,0.85,0.7,1.11,1.62,1.93,3.29,1.82,2.45,2.01,3.4,2.43,2.78,2.21,2.85,2.54,1.4,1.77,3.34,4.63,6.66,3.71,3.04,4.9,1.25,0.21,0.59,1.82,4.19,3.11,3.51,0.35,1.61,9.17,,2.28,1.73,2.26,1.89,,,2.56,1.49,1.48,1.7,3.52,1.96,2.54,1.36,1.52,2.01,2.25,1.83,3.35,2.12,3.03,2.23,2.19,2.64,2.86
5.02,4.81,6.29,8.24,8.0,5.92,3.74,4.38,3.82,7.02,6.25,5.4,5.51,4.85,4.73,4.65,4.19,6.86,6.04,8.85,6.71,5.58,7.88,3.74,10.05,6.86,8.02,5.1,8.03,6.63,5.47,5.26,7.33,3.63,4.12,5.04,3.03,7.7,5.55,8.45,5.66,5.3,7.8,1.2,0.6,1.72,1.85,1.14,1.61,2.66,2.93,0.3,2.4,0.78,1.31,1.18,1.0,0.66,1.06,0.81,0.55,0.84,1.79,1.99,3.23,1.58,1.85,1.67,3.12,2.15,2.02,2.54,2.09,1.96,1.11,1.7,3.23,3.17,6.91,3.52,2.87,3.98,1.83,0.42,0.59,1.77,4.59,3.64,4.87,0.57,1.79,8.01,6.47,3.14,1.83,2.78,2.35,8.32,,2.54,1.82,1.61,2.44,2.62,1.83,3.01,1.86,1.58,2.17,2.57,2.33,3.77,2.35,3.54,2.72,2.56,2.28,2.95
4.95,6.11,4.67,5.73,7.58,6.42,2.25,3.18,3.09,4.88,4.19,3.62,2.61,3.63,3.09,2.79,3.47,5.44,5.41,7.8,4.87,4.07,6.64,2.46,10.39,4.31,5.34,4.01,5.79,3.37,4.15,3.84,5.17,1.31,1.81,3.12,2.46,5.72,3.17,6.3,3.8,4.41,5.6,1.96,1.29,1.26,3.12,2.24,1.47,3.07,2.37,0.74,2.38,0.69,1.66,2.0,1.5,1.44,1.58,0.82,1.05,0.98,2.31,2.18,3.13,1.93,2.02,2.31,2.69,2.31,2.58,1.91,1.82,2.75,1.7,1.8,2.46,3.15,3.05,4.14,3.75,4.61,2.26,0.99,1.07,2.86,6.32,2.85,2.94,0.71,1.79,7.18,4.65,2.72,1.7,2.7,1.51,6.55,5.7,2.07,1.95,1.73,1.36,3.02,1.71,2.19,1.78,1.86,2.24,2.93,2.5,3.18,1.63,3.48,2.49,2.5,2.16,2.55
3.55,5.64,3.8,3.8,5.01,4.66,1.92,1.76,2.34,3.6,3.7,2.92,2.38,2.6,2.35,2.68,3.14,5.22,3.56,4.71,2.37,2.76,5.48,2.05,7.68,2.82,4.16,3.81,5.19,3.17,3.01,2.31,3.65,1.88,4.41,4.1,2.44,4.33,3.04,4.62,2.77,3.03,2.23,1.4,1.25,1.21,2.93,1.42,0.98,2.52,1.88,0.65,2.37,0.59,1.36,1.78,1.37,1.08,1.1,0.7,1.75,0.6,1.91,1.24,2.06,1.35,1.81,1.09,3.28,1.86,1.82,1.72,2.22,2.07,1.74,1.92,2.53,3.12,4.68,2.44,1.66,3.47,1.81,0.73,1.1,1.91,3.19,2.27,2.25,0.72,1.36,4.67,6.56,2.53,1.87,1.32,1.29,5.37,4.7,1.56,1.55,1.3,1.42,2.01,3.17,2.37,1.3,1.21,1.77,2.11,1.92,2.31,1.6,2.28,2.19,1.65,2.29,2.41
3.07,4.01,2.97,2.69,3.71,3.97,1.66,1.82,2.1,2.85,2.34,1.86,1.79,1.93,1.39,1.81,2.37,3.63,2.24,3.53,2.36,2.27,3.26,1.41,5.42,1.92,3.62,2.75,4.43,2.5,2.26,2.46,2.66,2.62,1.78,3.38,1.84,3.54,2.0,3.62,2.29,2.23,2.25,1.39,0.88,0.85,2.3,1.06,1.16,2.2,1.84,0.61,1.69,0.66,1.28,1.46,1.12,0.87,0.82,1.49,1.8,0.63,1.22,0.91,1.68,4.37,1.01,0.6,3.17,0.97,1.06,0.8,1.68,1.09,1.43,1.73,2.39,3.16,5.24,2.01,3.06,2.01,1.64,0.71,1.3,1.88,2.25,2.1,2.02,1.36,1.71,6.35,5.18,2.31,2.26,1.27,1.67,4.3,3.58,2.07,1.25,0.92,1.4,2.23,3.19,2.82,1.65,1.38,1.31,2.27,1.72,2.85,1.6,2.36,2.65,2.05,2.19,2.3
2.99,2.77,2.69,2.67,3.1,2.04,2.23,1.74,2.26,3.75,3.06,1.81,2.36,2.12,1.96,1.69,2.15,4.58,1.29,1.89,3.1,2.9,2.88,1.98,3.79,2.45,2.93,2.94,4.14,2.48,2.19,2.11,2.61,3.8,2.6,2.66,2.03,3.64,2.8,3.97,3.24,3.32,3.04,1.81,1.69,0.99,3.34,1.39,1.15,1.76,1.49,0.48,1.83,0.71,1.2,1.55,1.38,1.37,0.82,1.56,1.49,0.48,1.4,1.62,0.89,1.14,0.61,0.34,2.21,0.4,0.38,1.33,0.74,0.59,1.53,1.89,2.51,1.85,3.9,1.42,1.96,2.15,1.06,0.29,1.25,1.26,1.33,1.46,2.13,1.12,2.1,4.45,4.68,2.67,2.26,1.22,1.77,3.52,4.95,1.55,1.9,1.69,0.93,3.29,2.86,2.82,1.95,1.9,1.76,2.13,2.42,2.6,2.34,2.34,1.73,2.14,1.68,2.62
2.91,2.76,3.4,2.78,4.04,3.38,1.34,1.17,1.0,2.18,2.0,1.06,1.11,1.46,1.21,1.09,1.64,2.87,1.67,1.96,2.0,2.55,2.92,1.03,4.05,1.73,3.82,1.74,1.7,1.14,1.16,1.1,1.3,3.44,1.3,1.45,1.11,2.45,2.44,2.98,2.18,1.78,1.51,1.72,1.63,0.72,2.65,1.24,0.96,1.78,2.2,0.28,2.2,0.69,0.75,1.88,1.17,1.13,0.92,1.3,1.52,0.79,1.46,1.72,1.97,0.37,0.94,0.6,1.34,1.53,0.84,1.03,1.73,1.29,1.44,2.42,2.28,1.08,2.89,1.7,1.88,2.83,0.95,0.5,0.94,1.31,1.32,1.89,1.67,1.5,1.94,5.36,3.0,2.34,3.07,1.03,2.41,5.01,4.75,1.04,1.58,1.01,0.83,3.0,2.3,2.24,1.66,2.09,2.22,2.55,2.86,2.67,2.31,2.57,1.81,2.91,1.4,2.23
1.9,2.63,2.34,2.0,2.62,3.08,1.3,0.86,1.1,1.98,2.25,1.41,1.11,1.23,1.31,1.03,1.59,2.45,1.41,1.82,1.61,2.27,1.61,0.9,2.59,1.86,1.99,1.79,1.94,1.89,1.09,0.92,1.45,2.15,1.37,1.31,1.43,2.06,2.08,2.86,1.91,1.72,1.46,1.18,1.24,0.42,1.44,0.9,0.61,1.35,1.28,0.24,1.76,0.23,0.93,0.98,1.31,0.81,0.61,1.22,1.2,0.81,1.2,1.13,1.97,1.3,0.77,0.61,2.17,1.25,1.05,1.08,2.14,1.47,0.99,1.41,1.4,1.09,2.82,1.3,1.77,2.47,0.84,0.32,0.73,0.75,1.62,0.83,1.57,2.09,1.38,3.37,3.31,2.15,1.87,0.9,1.24,4.18,3.01,0.89,0.95,0.71,0.93,2.06,2.88,2.13,1.27,1.92,1.5,2.32,1.99,1.95,1.7,2.34,1.85,1.22,1.07,1.5
1.82,1.58,1.94,1.78,2.71,2.26,0.99,1.16,1.14,2.24,2.23,1.24,1.04,1.5,1.29,1.17,1.45,2.56,1.8,1.63,2.02,2.2,1.15,0.98,2.1,1.41,2.38,1.51,3.74,3.17,1.14,1.09,1.38,2.7,1.47,2.01,1.39,1.53,1.95,3.46,2.75,2.53,2.88,0.9,1.13,0.32,1.43,0.85,0.75,1.35,1.39,0.21,1.41,0.17,0.66,1.37,0.6,0.81,0.59,0.84,0.72,0.55,1.25,1.0,1.07,1.13,0.48,0.34,1.16,0.61,0.49,1.51,1.5,1.25,0.88,0.87,1.24,1.1,2.58,1.15,1.32,2.02,0.58,0.32,0.54,0.9,0.93,1.12,2.05,1.74,1.38,3.44,2.32,2.18,1.66,0.9,1.16,3.46,3.67,0.95,0.77,1.17,1.67,2.03,3.19,2.08,1.2,1.6,1.22,2.22,1.53,1.83,1.3,1.23,1.68,1.35,1.02,2.01
2.48,1.67,2.36,1.89,2.41,1.98,1.4,0.9,0.83,2.07,1.92,0.99,1.27,0.71,1.07,1.65,1.6,2.25,1.81,1.8,1.49,1.52,1.26,0.9,1.97,1.78,2.04,1.27,2.09,1.5,0.94,0.79,1.13,2.73,1.51,1.11,1.2,1.52,1.62,3.44,2.17,2.84,2.57,1.17,1.6,0.9,1.3,0.96,0.74,1.83,1.23,0.26,1.61,0.22,1.0,1.83,1.13,1.45,0.84,1.59,1.25,2.17,1.67,2.02,2.43,0.73,0.87,1.08,0.79,0.9,0.87,1.76,1.73,1.81,1.32,0.99,1.36,0.94,1.38,1.49,1.47,2.65,1.18,0.91,1.31,1.6,0.87,1.98,2.21,1.87,1.32,2.58,2.17,2.12,1.73,1.1,0.98,3.33,2.53,0.92,0.61,1.42,1.37,3.19,2.38,1.67,1.13,1.34,1.44,1.66,1.82,1.72,1.46,1.89,1.61,1.61,2.09,2.13
2.06,2.73,1.74,1.69,2.08,1.71,1.27,1.41,0.81,2.04,2.42,1.01,1.37,0.94,1.05,1.69,2.11,2.59,1.39,1.26,1.92,2.04,1.21,0.87,2.36,2.29,2.05,1.51,3.47,2.72,1.23,1.33,1.69,3.34,1.64,1.87,1.39,1.96,2.01,3.55,2.25,3.21,2.93,0.76,1.22,0.39,0.63,1.01,0.59,1.25,0.97,0.17,1.09,0.31,0.96,1.67,0.88,1.04,0.67,0.83,0.59,0.76,1.52,1.38,2.01,1.13,1.0,0.93,1.12,0.99,1.0,1.78,2.39,2.0,1.08,1.13,1.08,0.77,0.95,1.86,1.83,2.91,0.85,0.62,0.9,1.43,0.94,2.23,2.68,1.77,1.44,1.98,1.79,2.62,2.72,1.26,0.71,2.75,2.05,0.6,0.34,1.27,0.88,3.27,2.26,1.44,0.83,1.31,1.39,2.05,1.92,1.99,1.74,1.81,1.5,2.27,1.99,1.34
1.96,1.77,1.93,2.23,1.8,1.89,2.17,1.67,1.08,3.13,2.66,1.59,1.37,1.67,1.29,1.9,2.0,2.29,1.31,1.32,1.67,1.88,1.41,1.23,2.65,2.43,2.23,1.72,2.9,2.9,1.52,2.01,1.75,2.91,2.43,1.78,1.4,2.28,2.29,2.85,2.25,3.45,3.43,0.89,1.17,0.56,0.87,0.95,0.55,1.35,1.19,0.15,1.66,0.16,0.97,2.06,0.65,0.63,0.5,0.83,0.67,1.05,1.73,1.39,2.38,1.52,1.3,1.27,0.94,1.37,1.26,2.39,2.51,2.39,1.37,1.52,0.69,1.21,0.78,1.8,1.79,3.57,0.93,0.55,0.97,1.6,0.69,2.51,3.39,1.24,1.09,2.79,2.04,2.61,2.65,0.82,1.09,2.2,1.94,0.64,0.6,0.84,1.25,2.36,2.54,1.62,0.72,1.41,1.05,1.54,1.36,1.89,1.11,2.07,1.66,1.94,2.12,2.02
2.2,1.86,3.0,2.27,1.75,1.68,2.12,1.83,0.99,2.26,2.22,1.48,1.56,1.43,1.1,2.53,1.84,2.53,1.37,1.12,0.97,1.44,1.95,1.1,2.98,1.58,2.58,1.07,2.63,2.16,1.1,1.65,1.64,2.3,2.21,2.03,1.4,1.77,1.3,2.08,1.52,2.89,2.24,1.09,0.94,1.37,0.67,1.07,0.36,0.59,0.63,0.18,1.82,0.22,1.07,2.51,0.93,0.58,0.45,0.94,0.62,1.38,2.49,2.11,2.89,1.72,1.33,1.79,0.97,1.17,1.63,2.56,2.75,2.45,1.3,1.82,1.29,1.26,1.07,2.41,2.29,3.52,0.79,0.68,1.05,1.42,0.8,2.57,2.87,1.67,1.61,2.19,1.57,4.25,3.36,1.51,0.64,1.78,1.88,0.41,0.48,0.89,0.86,1.55,2.78,1.84,0.82,1.9,2.18,3.05,2.09,3.24,1.6,2.65,1.87,2.42,2.38,1.77
1.53,2.22,2.08,1.75,1.5,1.68,2.35,1.8,1.01,1.92,2.3,1.6,1.94,1.37,1.56,2.5,1.77,2.91,1.1,0.65,1.24,1.69,2.08,1.82,2.28,1.76,1.22,1.33,2.72,2.23,1.53,2.16,1.74,1.95,2.0,1.8,1.48,1.97,2.05,1.93,1.71,2.64,2.21,1.22,0.98,1.95,0.36,1.32,0.23,0.42,0.98,0.32,1.97,0.26,1.03,2.89,1.06,1.06,0.65,0.98,1.12,1.2,2.0,2.13,2.95,2.08,0.99,1.57,1.09,1.17,1.75,2.3,2.77,2.91,1.62,1.8,1.55,1.48,0.82,2.57,2.61,2.77,1.03,0.93,1.38,2.07,0.73,2.42,2.74,0.93,1.43,1.49,1.95,3.35,3.07,1.28,0.92,2.38,2.11,0.61,0.62,0.76,0.77,1.63,1.84,2.19,1.1,2.46,1.86,2.06,1.66,2.96,1.93,1.89,2.25,1.88,2.68,1.3
1.95,1.45,1.77,1.75,1.81,2.24,2.43,2.33,1.01,2.18,2.34,1.3,2.06,1.79,1.78,2.07,1.62,2.3,1.4,0.85,1.0,1.28,1.81,1.32,1.67,1.8,1.6,1.19,2.38,1.51,1.43,1.88,1.4,2.12,1.92,1.61,1.53,1.66,1.97,2.5,1.4,1.61,2.04,0.59,1.11,1.82,0.79,1.29,0.22,0.8,0.64,0.43,1.81,0.45,0.83,1.53,0.8,0.88,0.63,0.87,1.29,1.24,1.23,1.1,2.48,2.58,1.03,1.71,1.22,1.0,2.07,1.85,2.18,2.06,1.39,1.82,1.75,1.81,0.81,3.28,2.29,2.84,0.92,1.2,0.69,1.52,1.02,2.1,2.08,1.38,0.9,1.39,2.63,2.44,2.33,1.18,0.67,2.14,1.31,0.76,0.55,0.69,0.92,1.4,2.96,1.58,1.2,1.74,1.48,1.47,1.27,2.28,1.37,1.49,1.58,0.93,1.63,0.86
2.21,1.32,1.7,1.37,2.44,1.82,2.97,3.01,0.92,2.06,2.33,1.31,2.01,1.36,1.87,1.97,1.91,1.24,1.33,1.61,1.29,1.53,2.36,1.24,2.0,1.3,1.3,1.11,3.07,1.86,1.63,1.42,1.42,1.94,1.48,1.46,1.44,1.67,1.72,2.12,1.6,2.18,2.47,0.94,1.3,2.0,0.9,1.44,0.3,0.57,0.32,0.68,2.47,0.56,0.85,1.91,0.96,1.2,0.66,1.06,1.64,1.52,1.03,1.87,2.21,2.03,0.87,1.55,1.14,1.28,1.96,1.74,2.3,2.35,1.27,1.28,2.1,1.6,0.89,2.89,2.26,3.14,1.0,0.94,0.62,1.3,0.92,2.13,2.27,1.7,1.68,2.74,2.37,2.24,2.35,1.21,0.76,1.02,1.37,0.44,0.39,0.94,0.97,1.61,1.72,1.68,1.47,1.29,1.74,1.89,1.21,1.71,1.64,1.61,1.58,1.76,2.15,1.33
1.96,1.2,1.32,1.94,2.91,1.61,2.4,1.99,0.8,1.76,1.46,1.1,1.3,0.87,0.95,1.2,2.14,1.39,1.12,1.27,0.76,0.99,2.43,0.83,2.1,0.98,1.74,0.96,1.76,0.91,1.06,0.74,0.63,1.49,2.02,1.15,1.1,2.12,1.77,0.77,0.78,1.13,1.74,1.17,0.81,1.25,0.42,1.33,0.16,0.79,0.43,0.78,2.4,0.66,1.02,2.33,1.24,1.44,0.67,1.09,1.05,1.54,0.85,2.18,2.08,1.77,1.05,1.68,1.02,1.24,1.55,1.69,2.5,2.48,1.13,1.61,2.19,1.4,0.93,3.05,2.73,2.89,0.77,1.09,0.82,1.39,1.73,2.02,1.82,1.25,1.2,2.19,1.23,2.34,2.28,1.18,0.94,1.11,1.72,0.39,0.59,0.8,0.77,1.85,1.11,2.74,1.36,1.49,2.12,1.6,1.19,2.5,1.95,1.88,1.97,1.54,2.29,1.49
1.56,1.58,1.1,1.23,2.12,1.34,2.8,1.97,1.0,1.99,2.04,1.59,1.83,1.21,1.99,0.46,1.82,0.94,1.45,1.13,0.91,1.14,1.53,1.59,1.67,1.62,1.13,1.15,2.33,1.54,1.6,0.84,1.07,2.29,1.34,1.52,1.69,2.31,1.74,1.34,1.15,2.07,2.13,1.05,0.87,1.05,0.47,1.1,0.35,1.46,0.14,0.78,1.54,0.39,1.18,1.86,1.18,1.31,0.58,0.84,0.97,0.86,0.92,1.45,1.82,1.42,1.14,2.33,1.21,1.07,1.82,1.53,1.98,2.6,1.17,1.35,2.41,1.67,0.91,2.79,1.96,2.84,1.27,0.92,1.27,1.37,1.45,2.65,1.44,0.41,1.3,1.09,1.39,2.37,2.91,1.14,0.97,1.5,1.92,0.4,0.49,0.79,1.09,1.46,1.44,2.27,1.58,1.55,2.09,1.21,0.72,2.72,1.75,2.55,1.9,1.4,1.89,1.53
2.1,1.33,2.06,1.79,2.07,1.17,2.87,2.41,1.25,1.82,2.13,1.06,1.23,1.45,1.47,0.51,1.74,1.55,2.04,1.4,1.67,1.53,2.13,1.38,1.21,1.39,1.51,1.16,1.97,1.33,1.17,0.98,1.11,2.02,1.69,1.74,1.55,2.04,1.68,1.53,1.02,1.55,2.09,0.76,0.75,0.84,0.41,0.78,0.51,2.29,0.27,0.41,1.35,0.26,1.17,2.22,1.29,0.96,0.37,0.6,1.0,0.6,1.19,2.12,1.88,2.28,0.74,1.79,1.7,1.19,1.95,1.37,1.87,2.11,1.06,1.2,1.78,1.59,0.71,2.57,1.95,2.04,0.92,1.02,1.17,1.55,1.34,2.28,1.81,0.7,1.46,1.82,0.84,2.76,1.76,1.23,1.11,1.45,1.14,0.21,0.34,0.57,0.81,0.94,1.38,2.14,1.27,1.67,1.66,1.43,0.65,2.04,1.46,2.46,1.71,1.14,2.34,0.94
1.78,1.61,1.91,2.11,1.82,1.28,2.73,2.87,1.21,1.75,2.19,1.2,1.54,2.01,2.35,1.38,1.84,2.34,1.63,1.67,2.12,1.68,2.52,1.47,1.64,1.75,1.53,1.51,2.15,1.95,1.81,1.47,1.7,2.44,1.88,2.14,1.92,2.33,1.91,1.97,1.14,1.81,2.37,0.58,0.42,0.74,0.2,0.81,0.58,2.0,0.19,0.59,0.68,0.21,1.29,2.55,1.33,0.96,0.18,0.9,0.74,0.54,1.61,1.63,1.56,1.21,1.24,1.64,1.86,1.19,1.17,1.95,1.87,2.3,0.87,1.24,2.16,1.6,0.62,2.51,2.17,2.16,0.93,0.94,1.01,1.6,1.48,2.38,2.04,0.99,0.74,1.06,0.74,1.63,0.79,1.04,0.83,0.7,1.18,0.29,0.17,0.47,1.21,1.31,1.07,1.21,0.59,1.32,1.49,0.8,0.65,1.49,2.09,0.99,0.72,2.02,0.87,1.15
2.11,1.85,2.88,2.69,1.9,2.01,1.28,1.13,0.58,0.73,1.03,0.44,0.61,0.9,1.3,1.31,1.9,3.28,1.78,1.9,1.09,0.98,2.17,0.57,2.27,0.4,1.87,0.22,1.09,0.77,0.58,0.64,0.5,0.85,2.4,1.56,0.89,1.04,1.06,0.58,0.39,0.54,1.05,0.32,0.36,0.86,0.2,0.53,0.74,1.71,0.28,0.42,1.13,0.16,1.4,2.93,1.32,0.94,0.24,0.79,0.49,0.61,1.06,1.85,1.38,1.72,0.82,1.52,1.25,1.44,1.27,0.7,1.78,1.78,1.3,1.36,2.94,1.31,0.72,2.94,2.5,2.78,0.86,1.39,1.45,1.85,2.03,1.98,1.26,1.02,0.89,0.61,0.68,1.77,1.2,1.0,0.65,0.66,1.64,0.32,0.37,0.58,0.94,1.26,0.56,1.84,1.24,1.42,1.66,0.9,0.9,2.2,2.47,1.84,1.41,1.87,2.21,1.37
1.14,2.0,1.83,1.77,0.98,0.98,1.28,1.23,0.94,0.55,0.78,0.52,0.68,0.69,0.88,0.37,0.83,1.85,0.66,0.69,0.66,0.56,1.03,0.65,0.85,0.66,0.62,0.62,1.09,0.92,0.75,0.66,0.84,0.93,1.68,0.87,0.89,0.74,0.76,0.41,0.41,0.6,0.86,0.48,0.37,0.56,0.3,0.99,1.33,1.96,0.25,0.32,1.33,0.14,1.1,2.59,1.17,0.6,0.27,0.53,0.22,0.54,1.28,1.74,1.12,1.11,0.78,1.1,1.46,0.8,1.0,0.59,1.28,1.37,0.62,0.97,3.13,2.06,1.19,1.78,1.82,1.3,0.6,0.77,0.77,1.06,1.71,0.83,0.53,1.79,0.81,0.77,0.75,1.95,2.12,1.15,0.56,0.94,1.33,0.24,0.4,0.67,1.14,1.21,0.34,1.71,1.48,1.49,1.33,1.22,0.91,1.21,2.09,1.66,1.94,1.53,2.3,1.5
0.83,1.02,1.48,1.43,0.86,0.8,0.91,0.75,1.33,0.46,0.92,0.35,0.63,0.41,1.15,0.26,0.36,0.6,0.61,0.68,0.27,0.39,0.88,1.27,0.99,0.61,0.43,0.46,1.04,0.88,1.02,0.88,0.83,1.04,0.64,0.83,0.98,0.91,1.1,0.46,0.37,0.9,0.93,0.45,0.11,0.2,0.13,0.6,0.62,0.92,0.07,0.18,0.72,0.24,0.37,0.72,0.69,0.34,0.25,0.15,0.13,0.22,0.35,0.86,0.29,0.2,0.24,0.23,0.21,0.39,0.21,0.18,0.35,0.61,0.21,0.19,1.21,0.71,0.55,0.53,0.44,0.42,0.22,0.44,0.3,0.43,0.36,0.27,1.11,0.51,0.48,0.8,0.45,0.63,0.58,0.34,0.73,0.62,0.78,0.15,0.37,0.45,1.09,0.45,0.3,1.51,0.67,0.81,0.75,0.73,0.36,0.85,1.14,0.7,1.07,1.14,0.97,0.63
1.04,1.05,1.06,1.14,0.36,0.3,1.24,1.09,1.33,0.47,1.26,0.44,0.97,1.1,1.87,0.23,0.85,0.23,0.66,0.43,0.2,0.68,1.32,1.6,0.8,0.69,0.78,0.79,1.96,1.15,1.03,1.34,1.01,0.92,0.89,1.41,0.97,0.8,1.0,0.41,0.59,1.37,1.09,0.24,0.19,0.31,0.1,0.23,0.85,0.96,0.17,0.16,0.98,,0.41,2.8,0.96,0.6,0.31,0.19,0.18,0.51,0.47,1.22,0.34,0.25,0.3,0.26,0.38,0.27,0.24,0.4,0.55,0.34,0.4,0.3,1.55,0.76,1.51,0.95,0.93,0.36,0.48,0.44,0.45,0.68,0.74,0.41,0.97,0.85,0.73,0.83,0.5,0.46,0.55,0.58,0.58,1.02,1.91,0.17,0.61,0.77,1.64,0.37,0.41,1.59,0.96,1.55,1.19,1.08,0.83,1.37,1.27,1.54,1.63,2.14,2.43,0.98
1.37,1.34,1.21,1.18,0.23,0.12,1.27,1.31,1.71,0.5,1.18,1.02,1.2,1.96,2.81,0.57,1.47,0.25,0.41,0.33,0.79,1.05,1.84,0.98,0.61,0.89,0.81,0.89,2.94,2.29,1.35,1.9,1.09,2.01,1.87,2.07,1.42,1.25,0.87,0.87,0.9,1.37,1.89,0.26,0.23,0.14,,0.22,1.04,1.28,0.14,0.15,0.75,,0.27,2.76,0.95,0.38,0.36,0.45,0.1,0.3,0.8,1.14,0.3,0.18,0.17,0.22,0.22,0.47,0.3,0.55,0.74,0.61,0.26,0.42,0.87,0.35,0.99,0.82,1.1,0.6,0.37,0.49,0.28,0.63,0.68,0.53,1.27,0.56,0.68,1.04,0.81,0.32,0.51,0.67,0.53,1.36,1.24,0.29,0.33,0.99,0.92,0.39,0.28,1.54,1.27,1.25,1.21,1.12,1.04,1.58,1.81,1.28,2.1,1.65,1.7,1.78
1.31,0.97,1.66,1.65,0.52,0.39,1.38,1.26,1.49,0.79,1.14,1.03,1.35,2.49,3.41,0.83,2.37,0.2,0.54,0.48,1.32,1.26,2.49,1.28,1.06,0.77,1.52,1.0,2.94,2.05,1.63,1.06,0.6,2.11,1.51,1.71,1.68,1.13,1.09,0.69,0.96,1.42,2.56,0.28,0.34,0.23,,0.35,0.85,1.02,0.24,0.3,0.64,,0.65,3.42,1.5,0.62,0.38,0.49,0.14,0.23,0.77,1.37,0.81,0.23,0.34,0.52,0.27,0.28,0.48,1.24,0.56,0.45,0.8,0.71,0.33,0.19,0.98,1.04,1.68,1.05,0.48,0.63,0.36,0.73,0.85,0.64,1.67,0.35,0.45,1.36,1.6,0.54,0.56,0.69,0.5,1.47,1.3,0.27,0.27,0.61,0.47,0.23,0.3,1.58,0.8,1.11,1.66,1.32,0.92,1.92,1.7,1.49,2.1,1.31,1.51,1.0
1.64,1.52,2.02,1.42,0.57,0.65,1.21,1.05,2.13,1.08,1.42,1.98,1.51,2.4,3.38,1.55,3.11,1.28,0.22,0.63,1.51,1.67,2.32,1.28,1.38,1.81,1.66,1.75,2.54,2.07,2.3,2.24,1.69,2.13,1.97,1.99,1.89,1.15,1.37,1.32,1.01,2.53,2.59,0.2,0.15,0.26,,0.56,0.54,0.67,0.61,0.24,0.62,,0.46,3.09,1.5,0.39,0.3,0.42,0.24,0.29,0.74,0.87,0.88,0.41,0.23,0.63,0.36,0.25,0.35,0.68,0.55,0.41,0.66,0.62,0.17,0.17,1.05,1.16,1.81,0.73,0.3,0.49,0.31,0.73,0.83,0.65,1.63,0.27,0.49,0.96,1.28,0.29,0.71,0.32,0.58,1.4,1.17,0.3,0.2,0.42,0.47,0.25,0.34,1.51,0.8,1.34,1.61,1.44,0.86,1.25,1.66,1.34,1.38,1.16,1.2,0.62
2.83,2.37,2.5,1.75,1.32,1.61,0.46,0.31,2.14,1.54,1.46,1.68,1.72,2.3,3.73,1.52,2.77,2.81,0.29,0.3,1.7,0.85,2.6,1.42,1.97,1.62,2.28,1.77,2.65,2.63,2.09,2.01,1.97,2.69,1.97,2.23,1.76,1.51,1.31,1.68,1.36,2.22,2.16,0.24,0.23,0.25,,0.96,0.28,0.29,0.97,0.15,0.66,,0.53,1.83,1.15,0.54,0.62,0.33,0.2,1.12,0.56,1.06,1.29,0.56,0.13,0.23,0.26,0.45,0.35,0.66,0.5,0.23,0.37,0.41,0.41,0.15,0.89,1.16,2.31,0.47,0.39,0.45,0.32,0.91,0.73,0.8,2.21,0.11,0.34,1.27,1.02,0.23,0.33,0.18,0.67,1.62,0.99,0.5,0.6,0.3,0.4,0.11,0.16,1.31,0.9,1.72,1.48,1.51,0.81,0.84,1.58,1.57,1.07,1.38,0.97,0.76
1.72,1.62,2.23,1.5,1.56,1.56,0.32,0.14,2.13,1.37,1.2,1.39,1.61,1.44,2.8,0.88,1.51,4.07,0.18,0.36,1.05,0.89,2.94,1.45,1.7,1.21,2.51,1.7,3.06,1.76,2.15,1.87,2.06,1.9,1.84,2.25,1.52,1.37,1.27,1.42,1.07,1.86,2.57,0.31,0.13,0.11,,1.08,0.3,0.17,1.33,0.25,0.87,,0.43,1.42,1.27,0.27,0.34,0.22,0.22,1.68,0.86,0.44,1.72,0.24,0.15,0.58,0.23,0.54,0.55,0.69,0.41,0.19,0.27,0.53,0.53,0.14,1.19,1.9,2.96,0.83,0.55,0.54,0.7,1.08,1.09,1.55,1.44,0.15,0.52,1.2,1.11,0.41,0.49,0.21,0.85,1.69,1.93,0.72,0.69,0.3,0.39,0.12,0.23,1.46,1.37,2.04,1.42,1.27,0.69,1.42,1.72,1.5,0.9,1.3,1.39,0.95
1.4,1.08,1.98,1.45,1.46,1.16,0.19,0.2,1.77,2.1,1.14,1.02,1.36,1.51,3.08,1.32,1.93,3.24,0.17,0.29,1.03,0.27,2.62,1.55,2.01,1.44,2.12,2.45,2.89,3.16,2.25,1.95,2.53,2.32,2.18,3.03,1.77,1.96,1.69,1.7,1.52,2.12,2.47,0.15,0.13,0.13,,2.38,0.29,0.24,0.35,0.17,0.95,,0.4,1.73,1.12,0.41,0.4,0.25,0.2,1.73,0.75,0.56,1.24,0.26,0.15,0.42,0.31,0.67,0.36,0.41,0.3,0.19,0.38,0.64,0.44,0.2,1.05,2.24,2.92,0.76,0.51,0.67,1.15,1.03,0.85,1.53,2.06,0.17,0.24,0.86,1.09,0.32,0.24,0.16,0.21,2.0,1.36,0.3,0.66,0.2,0.14,0.09,0.58,1.15,0.97,1.58,1.54,1.0,0.54,1.52,1.29,0.97,0.68,1.14,1.49,0.76
1.59,1.39,2.11,1.19,1.0,0.78,0.24,0.15,1.49,1.48,1.11,1.01,1.66,1.53,2.26,2.14,2.35,3.68,0.12,0.15,0.42,0.15,2.12,2.16,2.21,1.36,2.46,2.51,2.73,2.23,3.0,2.28,2.17,2.16,2.78,3.43,1.77,2.03,1.34,1.82,1.84,2.45,2.32,0.21,0.23,0.1,,2.41,0.2,0.19,0.65,0.13,1.73,,0.24,2.73,1.24,0.77,0.62,0.25,0.16,1.04,0.84,1.38,1.3,0.25,0.21,0.36,0.2,1.01,0.47,0.27,0.66,0.23,0.67,1.07,0.27,0.32,0.9,2.24,3.1,0.59,0.61,0.66,1.56,0.94,1.08,1.8,1.93,0.14,0.29,1.47,0.63,0.34,0.14,0.35,0.2,1.16,0.92,0.46,1.34,0.07,0.13,0.12,0.11,1.26,1.58,1.18,1.29,1.15,0.99,1.77,0.98,1.01,0.48,1.11,1.23,0.58
2.11,1.68,1.93,1.34,0.98,1.26,0.37,0.34,1.84,1.64,1.43,1.41,1.34,1.62,2.1,2.58,3.16,4.48,0.07,0.13,0.49,0.22,3.18,2.71,2.31,1.56,2.52,2.79,2.85,2.16,2.7,2.21,2.62,2.43,2.86,3.74,1.66,2.37,1.45,1.56,1.78,2.26,2.59,0.34,0.23,0.18,,2.76,0.28,0.2,0.73,0.18,3.43,,0.63,2.87,1.39,1.21,0.67,0.54,0.24,0.64,1.98,1.28,1.31,0.21,0.24,0.82,0.2,1.49,0.79,0.44,0.68,0.26,0.91,1.15,0.3,0.15,0.94,2.14,2.9,0.54,0.43,0.77,2.05,1.11,1.34,1.69,1.8,0.18,0.41,1.22,0.54,1.12,0.61,0.67,0.43,1.06,1.17,0.39,1.26,0.11,0.13,0.12,0.2,1.67,1.43,1.29,1.1,0.98,0.89,1.7,1.28,1.09,0.86,1.28,1.49,0.78
2.02,1.48,1.85,1.34,1.52,2.15,0.33,0.25,1.02,0.85,1.0,0.37,0.57,0.86,0.83,1.33,1.47,2.42,0.08,0.19,0.36,0.23,2.67,0.19,2.13,0.66,2.57,1.49,1.62,1.04,1.54,1.46,1.38,1.15,1.31,2.03,0.92,1.04,0.87,0.73,0.93,1.16,1.47,0.64,0.31,0.19,,1.94,0.17,0.38,0.79,0.38,2.02,,0.89,3.31,1.95,1.24,0.87,0.87,0.36,0.57,2.28,1.5,1.22,0.25,0.51,1.47,0.12,0.71,0.87,0.64,0.96,0.38,0.67,1.36,0.09,0.19,0.69,2.12,2.9,0.79,0.54,0.7,1.3,1.23,1.53,1.46,1.74,0.18,0.34,0.94,0.33,1.29,1.15,1.04,0.56,1.17,0.46,0.34,1.26,0.18,0.58,0.28,0.21,1.93,1.73,1.3,1.17,1.05,1.07,1.77,2.09,1.17,1.76,1.21,1.76,1.09
1.22,0.52,1.22,0.31,0.84,1.27,0.78,0.93,0.89,0.81,1.18,0.42,0.95,0.87,0.77,0.72,0.54,1.24,0.33,0.44,0.41,0.23,0.9,0.96,1.2,0.73,1.46,1.2,1.29,1.04,1.01,0.66,1.45,0.84,0.98,1.37,0.66,0.64,0.99,0.94,0.52,1.16,0.75,1.17,0.22,0.21,,1.69,0.21,0.18,0.22,0.16,1.33,,0.4,1.12,0.87,0.51,0.32,0.33,0.22,0.68,0.49,0.59,0.37,0.21,0.43,0.96,0.32,0.77,0.39,0.49,0.78,0.27,0.51,0.58,0.14,0.2,0.43,1.39,1.79,0.78,0.4,0.61,0.78,0.79,0.86,0.72,1.85,0.25,0.59,0.63,0.39,2.03,1.29,0.78,0.73,0.9,0.27,0.65,1.1,0.52,1.34,0.56,0.17,1.59,1.02,1.24,0.75,1.59,1.41,1.58,1.98,1.5,2.01,1.91,1.64,0.92
,,,,,,,,,,,,,,,,,,,,,,,,,,,,,,,,,,,,,,,,,,,0.56,0.38,0.25,,1.42,0.26,0.22,0.14,0.32,0.76,,0.69,1.72,1.03,0.56,0.26,0.54,0.14,0.79,0.73,0.83,0.88,0.21,0.25,0.49,0.33,0.45,0.59,0.44,0.3,0.2,0.7,0.86,0.15,0.16,0.39,1.84,2.54,1.17,0.37,0.56,0.93,0.86,1.12,1.09,1.54,0.16,0.28,0.5,0.18,2.0,1.17,0.6,0.58,0.38,0.17,1.39,1.54,0.97,1.34,0.46,0.53,1.84,1.39,1.27,1.44,1.31,1.2,1.29,1.94,1.06,2.28,1.72,1.96,1.63
,,,,,,,,,,,,,,,,,,,,,,,,,,,,,,,,,,,,,,,,,,,0.52,0.24,0.47,,,0.22,0.16,0.14,,0.42,,1.26,1.77,1.39,1.08,0.24,0.82,0.2,0.45,0.94,1.15,0.38,0.15,0.12,0.24,0.2,0.19,0.34,0.24,0.24,0.12,0.32,0.55,0.17,0.14,0.33,1.39,2.2,0.58,0.25,0.47,1.08,0.94,0.82,1.1,,0.15,0.24,0.27,0.17,0.77,1.12,0.66,0.32,0.28,0.13,1.29,1.6,0.78,0.63,0.23,0.63,1.51,1.58,0.9,0.7,1.32,0.94,1.53,1.83,1.49,1.54,1.99,1.77,0.99
